Year,GeoAreaName,Location,Nature,Reporting Type,Units,Value
2000,Albania,ALLAREA,E,G,PERCENT,49
2001,Albania,ALLAREA,E,G,PERCENT,49
2002,Albania,ALLAREA,E,G,PERCENT,49
2003,Albania,ALLAREA,E,G,PERCENT,49
2004,Albania,ALLAREA,E,G,PERCENT,51
2005,Albania,ALLAREA,E,G,PERCENT,53
2006,Albania,ALLAREA,E,G,PERCENT,54
2007,Albania,ALLAREA,E,G,PERCENT,56
2008,Albania,ALLAREA,E,G,PERCENT,58
2009,Albania,ALLAREA,E,G,PERCENT,60
2010,Albania,ALLAREA,E,G,PERCENT,62
2011,Albania,ALLAREA,E,G,PERCENT,64
2012,Albania,ALLAREA,E,G,PERCENT,66
2013,Albania,ALLAREA,E,G,PERCENT,68
2014,Albania,ALLAREA,E,G,PERCENT,71
2015,Albania,ALLAREA,E,G,PERCENT,71
2016,Albania,ALLAREA,E,G,PERCENT,71
2017,Albania,ALLAREA,E,G,PERCENT,71
2018,Albania,ALLAREA,E,G,PERCENT,71
2019,Albania,ALLAREA,E,G,PERCENT,71
2000,Denmark,ALLAREA,E,G,PERCENT,94
2001,Denmark,ALLAREA,E,G,PERCENT,94
2002,Denmark,ALLAREA,E,G,PERCENT,94
2003,Denmark,ALLAREA,E,G,PERCENT,94
2004,Denmark,ALLAREA,E,G,PERCENT,94
2005,Denmark,ALLAREA,E,G,PERCENT,95
2006,Denmark,ALLAREA,E,G,PERCENT,95
2007,Denmark,ALLAREA,E,G,PERCENT,96
2008,Denmark,ALLAREA,E,G,PERCENT,96
2009,Denmark,ALLAREA,E,G,PERCENT,96
2010,Denmark,ALLAREA,E,G,PERCENT,97
2011,Denmark,ALLAREA,E,G,PERCENT,97
2012,Denmark,ALLAREA,E,G,PERCENT,97
2013,Denmark,ALLAREA,E,G,PERCENT,97
2014,Denmark,ALLAREA,E,G,PERCENT,97
2015,Denmark,ALLAREA,E,G,PERCENT,97
2016,Denmark,ALLAREA,E,G,PERCENT,97
2017,Denmark,ALLAREA,E,G,PERCENT,97
2018,Denmark,ALLAREA,E,G,PERCENT,97
2019,Denmark,ALLAREA,E,G,PERCENT,97
2020,Albania,ALLAREA,E,G,PERCENT,71
2000,Azerbaijan,ALLAREA,E,G,PERCENT,58
2000,Azerbaijan,RURAL,E,G,PERCENT,34
2000,Azerbaijan,URBAN,E,G,PERCENT,81
2001,Azerbaijan,ALLAREA,E,G,PERCENT,60
2001,Azerbaijan,RURAL,E,G,PERCENT,36
2001,Azerbaijan,URBAN,E,G,PERCENT,82
2002,Azerbaijan,ALLAREA,E,G,PERCENT,61
2002,Azerbaijan,RURAL,E,G,PERCENT,38
2002,Azerbaijan,URBAN,E,G,PERCENT,83
2003,Azerbaijan,RURAL,E,G,PERCENT,40
2003,Azerbaijan,URBAN,E,G,PERCENT,84
2003,Azerbaijan,ALLAREA,E,G,PERCENT,63
2004,Azerbaijan,ALLAREA,E,G,PERCENT,65
2004,Azerbaijan,RURAL,E,G,PERCENT,43
2004,Azerbaijan,URBAN,E,G,PERCENT,85
2005,Azerbaijan,ALLAREA,E,G,PERCENT,67
2005,Azerbaijan,RURAL,E,G,PERCENT,45
2005,Azerbaijan,URBAN,E,G,PERCENT,87
2006,Azerbaijan,RURAL,E,G,PERCENT,48
2006,Azerbaijan,ALLAREA,E,G,PERCENT,69
2006,Azerbaijan,URBAN,E,G,PERCENT,88
2007,Azerbaijan,ALLAREA,E,G,PERCENT,71
2007,Azerbaijan,RURAL,E,G,PERCENT,50
2007,Azerbaijan,URBAN,E,G,PERCENT,89
2008,Azerbaijan,ALLAREA,E,G,PERCENT,73
2008,Azerbaijan,RURAL,E,G,PERCENT,53
2008,Azerbaijan,URBAN,E,G,PERCENT,90
2009,Azerbaijan,ALLAREA,E,G,PERCENT,75
2009,Azerbaijan,RURAL,E,G,PERCENT,55
2009,Azerbaijan,URBAN,E,G,PERCENT,92
2010,Azerbaijan,ALLAREA,E,G,PERCENT,77
2010,Azerbaijan,RURAL,E,G,PERCENT,58
2010,Azerbaijan,URBAN,E,G,PERCENT,93
2011,Azerbaijan,ALLAREA,E,G,PERCENT,79
2011,Azerbaijan,RURAL,E,G,PERCENT,61
2011,Azerbaijan,URBAN,E,G,PERCENT,94
2012,Azerbaijan,ALLAREA,E,G,PERCENT,80
2012,Azerbaijan,URBAN,E,G,PERCENT,95
2012,Azerbaijan,RURAL,E,G,PERCENT,63
2020,Denmark,ALLAREA,E,G,PERCENT,97
2000,Estonia,ALLAREA,E,G,PERCENT,94
2001,Estonia,ALLAREA,E,G,PERCENT,94
2002,Estonia,ALLAREA,E,G,PERCENT,94
2003,Estonia,ALLAREA,E,G,PERCENT,94
2004,Estonia,ALLAREA,E,G,PERCENT,94
2005,Estonia,ALLAREA,E,G,PERCENT,94
2006,Estonia,ALLAREA,E,G,PERCENT,95
2007,Estonia,ALLAREA,E,G,PERCENT,95
2008,Estonia,ALLAREA,E,G,PERCENT,95
2013,Azerbaijan,RURAL,E,G,PERCENT,66
2013,Azerbaijan,ALLAREA,E,G,PERCENT,82
2013,Azerbaijan,URBAN,E,G,PERCENT,95
2014,Azerbaijan,ALLAREA,E,G,PERCENT,83
2014,Azerbaijan,RURAL,E,G,PERCENT,69
2014,Azerbaijan,URBAN,E,G,PERCENT,95
2015,Azerbaijan,ALLAREA,E,G,PERCENT,85
2015,Azerbaijan,RURAL,E,G,PERCENT,72
2015,Azerbaijan,URBAN,E,G,PERCENT,96
2016,Azerbaijan,ALLAREA,E,G,PERCENT,86
2016,Azerbaijan,RURAL,E,G,PERCENT,73
2016,Azerbaijan,URBAN,E,G,PERCENT,96
2017,Azerbaijan,ALLAREA,E,G,PERCENT,86
2017,Azerbaijan,RURAL,E,G,PERCENT,75
2017,Azerbaijan,URBAN,E,G,PERCENT,96
2018,Azerbaijan,ALLAREA,E,G,PERCENT,87
2018,Azerbaijan,RURAL,E,G,PERCENT,76
2018,Azerbaijan,URBAN,E,G,PERCENT,96
2019,Azerbaijan,ALLAREA,E,G,PERCENT,88
2019,Azerbaijan,RURAL,E,G,PERCENT,77
2009,Estonia,ALLAREA,E,G,PERCENT,96
2010,Estonia,ALLAREA,E,G,PERCENT,96
2011,Estonia,ALLAREA,E,G,PERCENT,96
2012,Estonia,ALLAREA,E,G,PERCENT,96
2013,Estonia,ALLAREA,E,G,PERCENT,96
2014,Estonia,ALLAREA,E,G,PERCENT,96
2015,Estonia,ALLAREA,E,G,PERCENT,96
2016,Estonia,ALLAREA,E,G,PERCENT,96
2017,Estonia,ALLAREA,E,G,PERCENT,96
2018,Estonia,ALLAREA,E,G,PERCENT,96
2019,Estonia,ALLAREA,E,G,PERCENT,96
2020,Estonia,ALLAREA,E,G,PERCENT,96
2000,Finland,ALLAREA,E,G,PERCENT,93
2001,Finland,ALLAREA,E,G,PERCENT,94
2002,Finland,ALLAREA,E,G,PERCENT,94
2003,Finland,ALLAREA,E,G,PERCENT,95
2004,Finland,ALLAREA,E,G,PERCENT,95
2005,Finland,ALLAREA,E,G,PERCENT,96
2006,Finland,ALLAREA,E,G,PERCENT,96
2007,Finland,ALLAREA,E,G,PERCENT,97
2000,Netherlands,ALLAREA,E,G,PERCENT,100
2001,Netherlands,ALLAREA,E,G,PERCENT,100
2002,Netherlands,ALLAREA,E,G,PERCENT,100
2003,Netherlands,ALLAREA,E,G,PERCENT,100
2004,Netherlands,ALLAREA,E,G,PERCENT,100
2005,Netherlands,ALLAREA,E,G,PERCENT,100
2006,Netherlands,ALLAREA,E,G,PERCENT,100
2007,Netherlands,ALLAREA,E,G,PERCENT,100
2008,Netherlands,ALLAREA,E,G,PERCENT,100
2009,Netherlands,ALLAREA,E,G,PERCENT,100
2008,Finland,ALLAREA,E,G,PERCENT,97
2009,Finland,ALLAREA,E,G,PERCENT,97
2010,Finland,ALLAREA,E,G,PERCENT,98
2011,Finland,ALLAREA,E,G,PERCENT,98
2012,Finland,ALLAREA,E,G,PERCENT,99
2013,Finland,ALLAREA,E,G,PERCENT,99
2014,Finland,ALLAREA,E,G,PERCENT,100
2015,Finland,ALLAREA,E,G,PERCENT,100
2016,Finland,ALLAREA,E,G,PERCENT,100
2017,Finland,ALLAREA,E,G,PERCENT,100
2018,Finland,ALLAREA,E,G,PERCENT,100
2019,Finland,ALLAREA,E,G,PERCENT,100
2020,Finland,ALLAREA,E,G,PERCENT,100
2000,France,ALLAREA,E,G,PERCENT,96
2000,France,URBAN,E,G,PERCENT,98
2001,France,ALLAREA,E,G,PERCENT,96
2001,France,URBAN,E,G,PERCENT,98
2002,France,ALLAREA,E,G,PERCENT,96
2002,France,URBAN,E,G,PERCENT,98
2003,France,ALLAREA,E,G,PERCENT,96
2003,France,URBAN,E,G,PERCENT,98
2004,France,ALLAREA,E,G,PERCENT,97
2004,France,URBAN,E,G,PERCENT,98
2005,France,ALLAREA,E,G,PERCENT,97
2005,France,URBAN,E,G,PERCENT,98
2006,France,ALLAREA,E,G,PERCENT,97
2006,France,URBAN,E,G,PERCENT,99
2007,France,ALLAREA,E,G,PERCENT,97
2007,France,URBAN,E,G,PERCENT,99
2008,France,ALLAREA,E,G,PERCENT,97
2008,France,URBAN,E,G,PERCENT,99
2009,France,ALLAREA,E,G,PERCENT,98
2009,France,URBAN,E,G,PERCENT,99
2010,France,ALLAREA,E,G,PERCENT,98
2010,France,URBAN,E,G,PERCENT,99
2011,France,ALLAREA,E,G,PERCENT,98
2011,France,URBAN,E,G,PERCENT,99
2012,France,ALLAREA,E,G,PERCENT,98
2012,France,URBAN,E,G,PERCENT,99
2013,France,ALLAREA,E,G,PERCENT,98
2019,Azerbaijan,URBAN,E,G,PERCENT,96
2020,Azerbaijan,ALLAREA,E,G,PERCENT,88
2020,Azerbaijan,RURAL,E,G,PERCENT,78
2020,Azerbaijan,URBAN,E,G,PERCENT,96
2000,Austria,ALLAREA,E,G,PERCENT,96
2001,Austria,ALLAREA,E,G,PERCENT,97
2002,Austria,ALLAREA,E,G,PERCENT,97
2003,Austria,ALLAREA,E,G,PERCENT,97
2004,Austria,ALLAREA,E,G,PERCENT,97
2005,Austria,ALLAREA,E,G,PERCENT,97
2013,France,URBAN,E,G,PERCENT,99
2014,France,ALLAREA,E,G,PERCENT,99
2014,France,URBAN,E,G,PERCENT,99
2015,France,ALLAREA,E,G,PERCENT,99
2015,France,URBAN,E,G,PERCENT,99
2016,France,ALLAREA,E,G,PERCENT,99
2016,France,URBAN,E,G,PERCENT,99
2017,France,ALLAREA,E,G,PERCENT,99
2017,France,URBAN,E,G,PERCENT,100
2018,France,ALLAREA,E,G,PERCENT,99
2018,France,URBAN,E,G,PERCENT,100
2019,France,URBAN,E,G,PERCENT,100
2019,France,ALLAREA,E,G,PERCENT,99
2020,France,ALLAREA,E,G,PERCENT,99
2020,France,URBAN,E,G,PERCENT,100
2000,Georgia,ALLAREA,E,G,PERCENT,62
2000,Georgia,URBAN,E,G,PERCENT,84
2000,Georgia,RURAL,E,G,PERCENT,38
2001,Georgia,ALLAREA,E,G,PERCENT,62
2001,Georgia,RURAL,E,G,PERCENT,39
2001,Georgia,URBAN,E,G,PERCENT,84
2002,Georgia,ALLAREA,E,G,PERCENT,62
2002,Georgia,RURAL,E,G,PERCENT,39
2002,Georgia,URBAN,E,G,PERCENT,84
2003,Georgia,RURAL,E,G,PERCENT,39
2003,Georgia,URBAN,E,G,PERCENT,84
2003,Georgia,ALLAREA,E,G,PERCENT,63
2004,Georgia,RURAL,E,G,PERCENT,39
2004,Georgia,URBAN,E,G,PERCENT,84
2004,Georgia,ALLAREA,E,G,PERCENT,63
2005,Georgia,ALLAREA,E,G,PERCENT,63
2005,Georgia,RURAL,E,G,PERCENT,39
2005,Georgia,URBAN,E,G,PERCENT,84
2006,Georgia,ALLAREA,E,G,PERCENT,63
2006,Georgia,RURAL,E,G,PERCENT,39
2006,Georgia,URBAN,E,G,PERCENT,84
2007,Georgia,RURAL,E,G,PERCENT,39
2007,Georgia,URBAN,E,G,PERCENT,84
2007,Georgia,ALLAREA,E,G,PERCENT,63
2008,Georgia,ALLAREA,E,G,PERCENT,64
2010,Netherlands,ALLAREA,E,G,PERCENT,100
2011,Netherlands,ALLAREA,E,G,PERCENT,100
2012,Netherlands,ALLAREA,E,G,PERCENT,100
2013,Netherlands,ALLAREA,E,G,PERCENT,100
2014,Netherlands,ALLAREA,E,G,PERCENT,100
2015,Netherlands,ALLAREA,E,G,PERCENT,100
2016,Netherlands,ALLAREA,E,G,PERCENT,100
2017,Netherlands,ALLAREA,E,G,PERCENT,100
2018,Netherlands,ALLAREA,E,G,PERCENT,100
2019,Netherlands,ALLAREA,E,G,PERCENT,100
2006,Austria,ALLAREA,E,G,PERCENT,98
2007,Austria,ALLAREA,E,G,PERCENT,98
2008,Austria,ALLAREA,E,G,PERCENT,98
2009,Austria,ALLAREA,E,G,PERCENT,98
2010,Austria,ALLAREA,E,G,PERCENT,99
2011,Austria,ALLAREA,E,G,PERCENT,99
2012,Austria,ALLAREA,E,G,PERCENT,99
2013,Austria,ALLAREA,E,G,PERCENT,99
2014,Austria,ALLAREA,E,G,PERCENT,99
2015,Austria,ALLAREA,E,G,PERCENT,99
2008,Georgia,RURAL,E,G,PERCENT,39
2008,Georgia,URBAN,E,G,PERCENT,84
2009,Georgia,ALLAREA,E,G,PERCENT,64
2009,Georgia,RURAL,E,G,PERCENT,39
2009,Georgia,URBAN,E,G,PERCENT,84
2010,Georgia,ALLAREA,E,G,PERCENT,64
2010,Georgia,URBAN,E,G,PERCENT,84
2010,Georgia,RURAL,E,G,PERCENT,39
2011,Georgia,ALLAREA,E,G,PERCENT,64
2011,Georgia,RURAL,E,G,PERCENT,39
2011,Georgia,URBAN,E,G,PERCENT,84
2012,Georgia,ALLAREA,E,G,PERCENT,65
2012,Georgia,RURAL,E,G,PERCENT,40
2012,Georgia,URBAN,E,G,PERCENT,84
2013,Georgia,ALLAREA,E,G,PERCENT,65
2013,Georgia,RURAL,E,G,PERCENT,40
2013,Georgia,URBAN,E,G,PERCENT,84
2014,Georgia,ALLAREA,E,G,PERCENT,65
2014,Georgia,RURAL,E,G,PERCENT,40
2014,Georgia,URBAN,E,G,PERCENT,84
2015,Georgia,ALLAREA,E,G,PERCENT,65
2015,Georgia,RURAL,E,G,PERCENT,40
2015,Georgia,URBAN,E,G,PERCENT,84
2016,Georgia,ALLAREA,E,G,PERCENT,65
2016,Georgia,URBAN,E,G,PERCENT,84
2016,Georgia,RURAL,E,G,PERCENT,40
2017,Georgia,ALLAREA,E,G,PERCENT,66
2017,Georgia,URBAN,E,G,PERCENT,84
2017,Georgia,RURAL,E,G,PERCENT,40
2018,Georgia,ALLAREA,E,G,PERCENT,66
2020,Netherlands,ALLAREA,E,G,PERCENT,100
2000,Norway,ALLAREA,E,G,PERCENT,100
2001,Norway,ALLAREA,E,G,PERCENT,100
2002,Norway,ALLAREA,E,G,PERCENT,100
2003,Norway,ALLAREA,E,G,PERCENT,100
2004,Norway,ALLAREA,E,G,PERCENT,100
2005,Norway,ALLAREA,E,G,PERCENT,100
2006,Norway,ALLAREA,E,G,PERCENT,100
2007,Norway,ALLAREA,E,G,PERCENT,100
2008,Norway,ALLAREA,E,G,PERCENT,100
2016,Austria,ALLAREA,E,G,PERCENT,99
2017,Austria,ALLAREA,E,G,PERCENT,99
2018,Austria,ALLAREA,E,G,PERCENT,99
2019,Austria,ALLAREA,E,G,PERCENT,99
2020,Austria,ALLAREA,E,G,PERCENT,99
2000,Armenia,ALLAREA,E,G,PERCENT,80
2001,Armenia,ALLAREA,E,G,PERCENT,80
2002,Armenia,ALLAREA,E,G,PERCENT,80
2003,Armenia,ALLAREA,E,G,PERCENT,80
2004,Armenia,ALLAREA,E,G,PERCENT,80
2005,Armenia,ALLAREA,E,G,PERCENT,81
2006,Armenia,ALLAREA,E,G,PERCENT,81
2007,Armenia,ALLAREA,E,G,PERCENT,81
2008,Armenia,ALLAREA,E,G,PERCENT,81
2009,Armenia,ALLAREA,E,G,PERCENT,81
2010,Armenia,ALLAREA,E,G,PERCENT,81
2011,Armenia,ALLAREA,E,G,PERCENT,82
2012,Armenia,ALLAREA,E,G,PERCENT,82
2013,Armenia,ALLAREA,E,G,PERCENT,83
2014,Armenia,ALLAREA,E,G,PERCENT,84
2018,Georgia,RURAL,E,G,PERCENT,40
2018,Georgia,URBAN,E,G,PERCENT,84
2019,Georgia,ALLAREA,E,G,PERCENT,66
2019,Georgia,RURAL,E,G,PERCENT,40
2019,Georgia,URBAN,E,G,PERCENT,84
2020,Georgia,ALLAREA,E,G,PERCENT,66
2020,Georgia,URBAN,E,G,PERCENT,84
2020,Georgia,RURAL,E,G,PERCENT,40
2000,Germany,ALLAREA,E,G,PERCENT,100
2001,Germany,ALLAREA,E,G,PERCENT,100
2009,Norway,ALLAREA,E,G,PERCENT,99
2010,Norway,ALLAREA,E,G,PERCENT,99
2011,Norway,ALLAREA,E,G,PERCENT,99
2012,Norway,ALLAREA,E,G,PERCENT,99
2013,Norway,ALLAREA,E,G,PERCENT,99
2014,Norway,ALLAREA,E,G,PERCENT,99
2015,Norway,ALLAREA,E,G,PERCENT,99
2016,Norway,ALLAREA,E,G,PERCENT,99
2017,Norway,ALLAREA,E,G,PERCENT,99
2018,Norway,ALLAREA,E,G,PERCENT,99
2015,Armenia,ALLAREA,E,G,PERCENT,84
2016,Armenia,ALLAREA,E,G,PERCENT,85
2017,Armenia,ALLAREA,E,G,PERCENT,85
2018,Armenia,ALLAREA,E,G,PERCENT,86
2019,Armenia,ALLAREA,E,G,PERCENT,86
2020,Armenia,ALLAREA,E,G,PERCENT,87
2000,Belgium,ALLAREA,E,G,PERCENT,99
2001,Belgium,ALLAREA,E,G,PERCENT,99
2002,Belgium,ALLAREA,E,G,PERCENT,99
2003,Belgium,ALLAREA,E,G,PERCENT,99
2002,Germany,ALLAREA,E,G,PERCENT,100
2003,Germany,ALLAREA,E,G,PERCENT,100
2004,Germany,ALLAREA,E,G,PERCENT,100
2005,Germany,ALLAREA,E,G,PERCENT,100
2006,Germany,ALLAREA,E,G,PERCENT,100
2007,Germany,ALLAREA,E,G,PERCENT,100
2008,Germany,ALLAREA,E,G,PERCENT,100
2009,Germany,ALLAREA,E,G,PERCENT,100
2010,Germany,ALLAREA,E,G,PERCENT,100
2011,Germany,ALLAREA,E,G,PERCENT,100
2004,Belgium,ALLAREA,E,G,PERCENT,99
2005,Belgium,ALLAREA,E,G,PERCENT,99
2006,Belgium,ALLAREA,E,G,PERCENT,99
2007,Belgium,ALLAREA,E,G,PERCENT,99
2008,Belgium,ALLAREA,E,G,PERCENT,99
2009,Belgium,ALLAREA,E,G,PERCENT,99
2010,Belgium,ALLAREA,E,G,PERCENT,99
2011,Belgium,ALLAREA,E,G,PERCENT,100
2012,Belgium,ALLAREA,E,G,PERCENT,100
2013,Belgium,ALLAREA,E,G,PERCENT,100
2012,Germany,ALLAREA,E,G,PERCENT,100
2013,Germany,ALLAREA,E,G,PERCENT,100
2014,Germany,ALLAREA,E,G,PERCENT,100
2015,Germany,ALLAREA,E,G,PERCENT,100
2016,Germany,ALLAREA,E,G,PERCENT,100
2017,Germany,ALLAREA,E,G,PERCENT,100
2018,Germany,ALLAREA,E,G,PERCENT,100
2019,Germany,ALLAREA,E,G,PERCENT,100
2020,Germany,ALLAREA,E,G,PERCENT,100
2000,Greece,ALLAREA,E,G,PERCENT,99
2014,Belgium,ALLAREA,E,G,PERCENT,100
2015,Belgium,ALLAREA,E,G,PERCENT,100
2016,Belgium,ALLAREA,E,G,PERCENT,100
2017,Belgium,ALLAREA,E,G,PERCENT,100
2018,Belgium,ALLAREA,E,G,PERCENT,100
2019,Belgium,ALLAREA,E,G,PERCENT,100
2020,Belgium,ALLAREA,E,G,PERCENT,100
2000,Bosnia and Herzegovina,ALLAREA,E,G,PERCENT,87
2001,Bosnia and Herzegovina,ALLAREA,E,G,PERCENT,87
2002,Bosnia and Herzegovina,ALLAREA,E,G,PERCENT,88
2019,Norway,ALLAREA,E,G,PERCENT,99
2020,Norway,ALLAREA,E,G,PERCENT,99
2005,Poland,ALLAREA,E,G,PERCENT,91
2006,Poland,ALLAREA,E,G,PERCENT,91
2007,Poland,ALLAREA,E,G,PERCENT,92
2008,Poland,ALLAREA,E,G,PERCENT,92
2009,Poland,ALLAREA,E,G,PERCENT,93
2010,Poland,ALLAREA,E,G,PERCENT,93
2011,Poland,ALLAREA,E,G,PERCENT,94
2012,Poland,ALLAREA,E,G,PERCENT,94
2001,Greece,ALLAREA,E,G,PERCENT,99
2002,Greece,ALLAREA,E,G,PERCENT,99
2003,Greece,ALLAREA,E,G,PERCENT,99
2004,Greece,ALLAREA,E,G,PERCENT,99
2005,Greece,ALLAREA,E,G,PERCENT,99
2006,Greece,ALLAREA,E,G,PERCENT,99
2007,Greece,ALLAREA,E,G,PERCENT,99
2008,Greece,ALLAREA,E,G,PERCENT,99
2009,Greece,ALLAREA,E,G,PERCENT,99
2010,Greece,ALLAREA,E,G,PERCENT,99
2003,Bosnia and Herzegovina,ALLAREA,E,G,PERCENT,88
2004,Bosnia and Herzegovina,ALLAREA,E,G,PERCENT,88
2005,Bosnia and Herzegovina,ALLAREA,E,G,PERCENT,88
2006,Bosnia and Herzegovina,ALLAREA,E,G,PERCENT,88
2007,Bosnia and Herzegovina,ALLAREA,E,G,PERCENT,88
2008,Bosnia and Herzegovina,ALLAREA,E,G,PERCENT,88
2009,Bosnia and Herzegovina,ALLAREA,E,G,PERCENT,88
2010,Bosnia and Herzegovina,ALLAREA,E,G,PERCENT,89
2011,Bosnia and Herzegovina,ALLAREA,E,G,PERCENT,89
2012,Bosnia and Herzegovina,ALLAREA,E,G,PERCENT,89
2013,Poland,ALLAREA,E,G,PERCENT,95
2014,Poland,ALLAREA,E,G,PERCENT,95
2015,Poland,ALLAREA,E,G,PERCENT,96
2016,Poland,ALLAREA,E,G,PERCENT,97
2017,Poland,ALLAREA,E,G,PERCENT,97
2018,Poland,ALLAREA,E,G,PERCENT,98
2019,Poland,ALLAREA,E,G,PERCENT,98
2020,Poland,ALLAREA,E,G,PERCENT,98
2000,Portugal,RURAL,E,G,PERCENT,89
2000,Portugal,ALLAREA,E,G,PERCENT,93
2011,Greece,ALLAREA,E,G,PERCENT,100
2012,Greece,ALLAREA,E,G,PERCENT,100
2013,Greece,ALLAREA,E,G,PERCENT,100
2014,Greece,ALLAREA,E,G,PERCENT,100
2015,Greece,ALLAREA,E,G,PERCENT,100
2016,Greece,ALLAREA,E,G,PERCENT,100
2017,Greece,ALLAREA,E,G,PERCENT,100
2018,Greece,ALLAREA,E,G,PERCENT,100
2019,Greece,ALLAREA,E,G,PERCENT,100
2020,Greece,ALLAREA,E,G,PERCENT,100
2000,Portugal,URBAN,E,G,PERCENT,97
2001,Portugal,ALLAREA,E,G,PERCENT,93
2001,Portugal,URBAN,E,G,PERCENT,97
2001,Portugal,RURAL,E,G,PERCENT,89
2002,Portugal,ALLAREA,E,G,PERCENT,94
2002,Portugal,RURAL,E,G,PERCENT,89
2002,Portugal,URBAN,E,G,PERCENT,97
2003,Portugal,RURAL,E,G,PERCENT,89
2003,Portugal,ALLAREA,E,G,PERCENT,94
2003,Portugal,URBAN,E,G,PERCENT,97
2013,Bosnia and Herzegovina,ALLAREA,E,G,PERCENT,89
2014,Bosnia and Herzegovina,ALLAREA,E,G,PERCENT,89
2015,Bosnia and Herzegovina,ALLAREA,E,G,PERCENT,89
2016,Bosnia and Herzegovina,ALLAREA,E,G,PERCENT,89
2017,Bosnia and Herzegovina,ALLAREA,E,G,PERCENT,89
2018,Bosnia and Herzegovina,ALLAREA,E,G,PERCENT,89
2019,Bosnia and Herzegovina,ALLAREA,E,G,PERCENT,89
2020,Bosnia and Herzegovina,ALLAREA,E,G,PERCENT,89
2000,Bulgaria,ALLAREA,E,G,PERCENT,90
2001,Bulgaria,ALLAREA,E,G,PERCENT,90
2002,Bulgaria,ALLAREA,E,G,PERCENT,91
2003,Bulgaria,ALLAREA,E,G,PERCENT,91
2004,Bulgaria,ALLAREA,E,G,PERCENT,92
2005,Bulgaria,ALLAREA,E,G,PERCENT,92
2006,Bulgaria,ALLAREA,E,G,PERCENT,93
2007,Bulgaria,ALLAREA,E,G,PERCENT,93
2008,Bulgaria,ALLAREA,E,G,PERCENT,94
2009,Bulgaria,ALLAREA,E,G,PERCENT,94
2010,Bulgaria,ALLAREA,E,G,PERCENT,95
2011,Bulgaria,ALLAREA,E,G,PERCENT,95
2000,Hungary,ALLAREA,E,G,PERCENT,92
2000,Hungary,RURAL,E,G,PERCENT,89
2000,Hungary,URBAN,E,G,PERCENT,94
2001,Hungary,ALLAREA,E,G,PERCENT,92
2001,Hungary,RURAL,E,G,PERCENT,89
2001,Hungary,URBAN,E,G,PERCENT,94
2002,Hungary,ALLAREA,E,G,PERCENT,92
2002,Hungary,RURAL,E,G,PERCENT,89
2002,Hungary,URBAN,E,G,PERCENT,94
2003,Hungary,ALLAREA,E,G,PERCENT,92
2012,Bulgaria,ALLAREA,E,G,PERCENT,96
2013,Bulgaria,ALLAREA,E,G,PERCENT,96
2014,Bulgaria,ALLAREA,E,G,PERCENT,97
2015,Bulgaria,ALLAREA,E,G,PERCENT,97
2016,Bulgaria,ALLAREA,E,G,PERCENT,97
2017,Bulgaria,ALLAREA,E,G,PERCENT,97
2018,Bulgaria,ALLAREA,E,G,PERCENT,97
2019,Bulgaria,ALLAREA,E,G,PERCENT,98
2020,Bulgaria,ALLAREA,E,G,PERCENT,98
2000,Belarus,ALLAREA,E,G,PERCENT,81
2003,Hungary,URBAN,E,G,PERCENT,94
2003,Hungary,RURAL,E,G,PERCENT,89
2004,Hungary,URBAN,E,G,PERCENT,94
2004,Hungary,ALLAREA,E,G,PERCENT,92
2004,Hungary,RURAL,E,G,PERCENT,89
2005,Hungary,ALLAREA,E,G,PERCENT,92
2005,Hungary,RURAL,E,G,PERCENT,89
2005,Hungary,URBAN,E,G,PERCENT,94
2006,Hungary,ALLAREA,E,G,PERCENT,92
2006,Hungary,RURAL,E,G,PERCENT,89
2004,Portugal,RURAL,E,G,PERCENT,90
2004,Portugal,ALLAREA,E,G,PERCENT,94
2004,Portugal,URBAN,E,G,PERCENT,97
2005,Portugal,ALLAREA,E,G,PERCENT,94
2005,Portugal,URBAN,E,G,PERCENT,97
2005,Portugal,RURAL,E,G,PERCENT,90
2006,Portugal,ALLAREA,E,G,PERCENT,94
2006,Portugal,URBAN,E,G,PERCENT,97
2006,Portugal,RURAL,E,G,PERCENT,90
2007,Portugal,ALLAREA,E,G,PERCENT,94
2007,Portugal,URBAN,E,G,PERCENT,97
2007,Portugal,RURAL,E,G,PERCENT,90
2008,Portugal,URBAN,E,G,PERCENT,97
2008,Portugal,RURAL,E,G,PERCENT,90
2008,Portugal,ALLAREA,E,G,PERCENT,94
2009,Portugal,ALLAREA,E,G,PERCENT,95
2009,Portugal,URBAN,E,G,PERCENT,98
2009,Portugal,RURAL,E,G,PERCENT,90
2010,Portugal,ALLAREA,E,G,PERCENT,95
2010,Portugal,URBAN,E,G,PERCENT,98
2006,Hungary,URBAN,E,G,PERCENT,94
2007,Hungary,ALLAREA,E,G,PERCENT,92
2007,Hungary,URBAN,E,G,PERCENT,94
2007,Hungary,RURAL,E,G,PERCENT,89
2008,Hungary,ALLAREA,E,G,PERCENT,92
2008,Hungary,RURAL,E,G,PERCENT,89
2008,Hungary,URBAN,E,G,PERCENT,94
2009,Hungary,ALLAREA,E,G,PERCENT,92
2009,Hungary,RURAL,E,G,PERCENT,89
2009,Hungary,URBAN,E,G,PERCENT,94
2010,Portugal,RURAL,E,G,PERCENT,90
2011,Portugal,URBAN,E,G,PERCENT,98
2011,Portugal,RURAL,E,G,PERCENT,90
2011,Portugal,ALLAREA,E,G,PERCENT,95
2012,Portugal,URBAN,E,G,PERCENT,98
2012,Portugal,RURAL,E,G,PERCENT,91
2012,Portugal,ALLAREA,E,G,PERCENT,95
2013,Portugal,ALLAREA,E,G,PERCENT,95
2013,Portugal,URBAN,E,G,PERCENT,98
2013,Portugal,RURAL,E,G,PERCENT,91
2010,Hungary,URBAN,E,G,PERCENT,94
2010,Hungary,RURAL,E,G,PERCENT,89
2010,Hungary,ALLAREA,E,G,PERCENT,92
2011,Hungary,RURAL,E,G,PERCENT,89
2011,Hungary,URBAN,E,G,PERCENT,94
2011,Hungary,ALLAREA,E,G,PERCENT,92
2012,Hungary,ALLAREA,E,G,PERCENT,92
2012,Hungary,RURAL,E,G,PERCENT,89
2012,Hungary,URBAN,E,G,PERCENT,94
2013,Hungary,ALLAREA,E,G,PERCENT,92
2014,Portugal,ALLAREA,E,G,PERCENT,95
2014,Portugal,URBAN,E,G,PERCENT,98
2014,Portugal,RURAL,E,G,PERCENT,91
2015,Portugal,ALLAREA,E,G,PERCENT,95
2015,Portugal,URBAN,E,G,PERCENT,98
2015,Portugal,RURAL,E,G,PERCENT,92
2016,Portugal,RURAL,E,G,PERCENT,92
2016,Portugal,ALLAREA,E,G,PERCENT,95
2016,Portugal,URBAN,E,G,PERCENT,97
2017,Portugal,ALLAREA,E,G,PERCENT,95
2013,Hungary,RURAL,E,G,PERCENT,89
2013,Hungary,URBAN,E,G,PERCENT,94
2014,Hungary,RURAL,E,G,PERCENT,89
2014,Hungary,URBAN,E,G,PERCENT,94
2014,Hungary,ALLAREA,E,G,PERCENT,92
2015,Hungary,ALLAREA,E,G,PERCENT,92
2015,Hungary,RURAL,E,G,PERCENT,89
2015,Hungary,URBAN,E,G,PERCENT,94
2016,Hungary,ALLAREA,E,G,PERCENT,93
2016,Hungary,RURAL,E,G,PERCENT,89
2017,Portugal,URBAN,E,G,PERCENT,97
2017,Portugal,RURAL,E,G,PERCENT,92
2018,Portugal,ALLAREA,E,G,PERCENT,95
2018,Portugal,RURAL,E,G,PERCENT,92
2018,Portugal,URBAN,E,G,PERCENT,97
2019,Portugal,ALLAREA,E,G,PERCENT,95
2019,Portugal,URBAN,E,G,PERCENT,97
2019,Portugal,RURAL,E,G,PERCENT,92
2020,Portugal,URBAN,E,G,PERCENT,97
2020,Portugal,RURAL,E,G,PERCENT,93
2016,Hungary,URBAN,E,G,PERCENT,94
2017,Hungary,URBAN,E,G,PERCENT,94
2017,Hungary,RURAL,E,G,PERCENT,89
2017,Hungary,ALLAREA,E,G,PERCENT,93
2018,Hungary,ALLAREA,E,G,PERCENT,93
2018,Hungary,RURAL,E,G,PERCENT,89
2018,Hungary,URBAN,E,G,PERCENT,94
2019,Hungary,ALLAREA,E,G,PERCENT,93
2019,Hungary,RURAL,E,G,PERCENT,89
2019,Hungary,URBAN,E,G,PERCENT,94
2020,Hungary,ALLAREA,E,G,PERCENT,93
2020,Hungary,RURAL,E,G,PERCENT,89
2020,Hungary,URBAN,E,G,PERCENT,94
2000,Iceland,ALLAREA,E,G,PERCENT,90
2001,Iceland,ALLAREA,E,G,PERCENT,90
2002,Iceland,ALLAREA,E,G,PERCENT,91
2003,Iceland,ALLAREA,E,G,PERCENT,91
2004,Iceland,ALLAREA,E,G,PERCENT,92
2005,Iceland,ALLAREA,E,G,PERCENT,93
2006,Iceland,ALLAREA,E,G,PERCENT,93
2020,Portugal,ALLAREA,E,G,PERCENT,95
2000,Romania,RURAL,E,G,PERCENT,67
2000,Romania,ALLAREA,E,G,PERCENT,82
2000,Romania,URBAN,E,G,PERCENT,95
2001,Romania,RURAL,E,G,PERCENT,67
2001,Romania,URBAN,E,G,PERCENT,95
2001,Romania,ALLAREA,E,G,PERCENT,82
2002,Romania,URBAN,E,G,PERCENT,95
2002,Romania,RURAL,E,G,PERCENT,67
2002,Romania,ALLAREA,E,G,PERCENT,82
2007,Iceland,ALLAREA,E,G,PERCENT,94
2008,Iceland,ALLAREA,E,G,PERCENT,95
2009,Iceland,ALLAREA,E,G,PERCENT,95
2010,Iceland,ALLAREA,E,G,PERCENT,96
2011,Iceland,ALLAREA,E,G,PERCENT,96
2012,Iceland,ALLAREA,E,G,PERCENT,97
2013,Iceland,ALLAREA,E,G,PERCENT,98
2014,Iceland,ALLAREA,E,G,PERCENT,98
2015,Iceland,ALLAREA,E,G,PERCENT,99
2016,Iceland,ALLAREA,E,G,PERCENT,100
2001,Belarus,ALLAREA,E,G,PERCENT,81
2002,Belarus,ALLAREA,E,G,PERCENT,81
2003,Belarus,ALLAREA,E,G,PERCENT,81
2004,Belarus,ALLAREA,E,G,PERCENT,83
2005,Belarus,ALLAREA,E,G,PERCENT,84
2006,Belarus,ALLAREA,E,G,PERCENT,85
2007,Belarus,ALLAREA,E,G,PERCENT,86
2008,Belarus,ALLAREA,E,G,PERCENT,88
2009,Belarus,ALLAREA,E,G,PERCENT,89
2010,Belarus,ALLAREA,E,G,PERCENT,90
2011,Belarus,ALLAREA,E,G,PERCENT,91
2012,Belarus,ALLAREA,E,G,PERCENT,92
2013,Belarus,ALLAREA,E,G,PERCENT,93
2014,Belarus,ALLAREA,E,G,PERCENT,94
2015,Belarus,ALLAREA,E,G,PERCENT,94
2016,Belarus,ALLAREA,E,G,PERCENT,95
2017,Belarus,ALLAREA,E,G,PERCENT,95
2018,Belarus,ALLAREA,E,G,PERCENT,95
2019,Belarus,ALLAREA,E,G,PERCENT,95
2020,Belarus,ALLAREA,E,G,PERCENT,95
2003,Romania,URBAN,E,G,PERCENT,95
2003,Romania,RURAL,E,G,PERCENT,67
2003,Romania,ALLAREA,E,G,PERCENT,82
2004,Romania,RURAL,E,G,PERCENT,67
2004,Romania,ALLAREA,E,G,PERCENT,82
2004,Romania,URBAN,E,G,PERCENT,95
2005,Romania,RURAL,E,G,PERCENT,67
2005,Romania,ALLAREA,E,G,PERCENT,82
2005,Romania,URBAN,E,G,PERCENT,95
2006,Romania,ALLAREA,E,G,PERCENT,82
2017,Iceland,ALLAREA,E,G,PERCENT,100
2018,Iceland,ALLAREA,E,G,PERCENT,100
2019,Iceland,ALLAREA,E,G,PERCENT,100
2020,Iceland,ALLAREA,E,G,PERCENT,100
2000,Ireland,ALLAREA,E,G,PERCENT,93
2001,Ireland,ALLAREA,E,G,PERCENT,94
2002,Ireland,ALLAREA,E,G,PERCENT,94
2003,Ireland,ALLAREA,E,G,PERCENT,94
2004,Ireland,ALLAREA,E,G,PERCENT,94
2005,Ireland,ALLAREA,E,G,PERCENT,95
2006,Ireland,ALLAREA,E,G,PERCENT,95
2007,Ireland,ALLAREA,E,G,PERCENT,95
2008,Ireland,ALLAREA,E,G,PERCENT,95
2009,Ireland,ALLAREA,E,G,PERCENT,95
2010,Ireland,ALLAREA,E,G,PERCENT,96
2011,Ireland,ALLAREA,E,G,PERCENT,96
2012,Ireland,ALLAREA,E,G,PERCENT,96
2013,Ireland,ALLAREA,E,G,PERCENT,96
2014,Ireland,ALLAREA,E,G,PERCENT,97
2015,Ireland,ALLAREA,E,G,PERCENT,97
2000,Croatia,RURAL,E,G,PERCENT,68
2000,Croatia,ALLAREA,E,G,PERCENT,82
2000,Croatia,URBAN,E,G,PERCENT,94
2001,Croatia,ALLAREA,E,G,PERCENT,82
2001,Croatia,RURAL,E,G,PERCENT,68
2001,Croatia,URBAN,E,G,PERCENT,94
2002,Croatia,ALLAREA,E,G,PERCENT,82
2002,Croatia,RURAL,E,G,PERCENT,68
2002,Croatia,URBAN,E,G,PERCENT,94
2003,Croatia,ALLAREA,E,G,PERCENT,82
2016,Ireland,ALLAREA,E,G,PERCENT,97
2017,Ireland,ALLAREA,E,G,PERCENT,97
2018,Ireland,ALLAREA,E,G,PERCENT,97
2019,Ireland,ALLAREA,E,G,PERCENT,97
2020,Ireland,ALLAREA,E,G,PERCENT,97
2000,Italy,ALLAREA,E,G,PERCENT,95
2001,Italy,ALLAREA,E,G,PERCENT,95
2002,Italy,ALLAREA,E,G,PERCENT,95
2003,Italy,ALLAREA,E,G,PERCENT,95
2004,Italy,ALLAREA,E,G,PERCENT,96
2006,Romania,URBAN,E,G,PERCENT,95
2006,Romania,RURAL,E,G,PERCENT,67
2007,Romania,ALLAREA,E,G,PERCENT,82
2007,Romania,URBAN,E,G,PERCENT,95
2007,Romania,RURAL,E,G,PERCENT,67
2008,Romania,RURAL,E,G,PERCENT,67
2008,Romania,ALLAREA,E,G,PERCENT,82
2008,Romania,URBAN,E,G,PERCENT,95
2009,Romania,ALLAREA,E,G,PERCENT,82
2009,Romania,URBAN,E,G,PERCENT,95
2003,Croatia,RURAL,E,G,PERCENT,68
2003,Croatia,URBAN,E,G,PERCENT,94
2004,Croatia,ALLAREA,E,G,PERCENT,82
2004,Croatia,RURAL,E,G,PERCENT,68
2004,Croatia,URBAN,E,G,PERCENT,94
2005,Croatia,ALLAREA,E,G,PERCENT,82
2005,Croatia,RURAL,E,G,PERCENT,68
2005,Croatia,URBAN,E,G,PERCENT,94
2006,Croatia,ALLAREA,E,G,PERCENT,82
2006,Croatia,URBAN,E,G,PERCENT,94
2005,Italy,ALLAREA,E,G,PERCENT,96
2006,Italy,ALLAREA,E,G,PERCENT,96
2007,Italy,ALLAREA,E,G,PERCENT,96
2008,Italy,ALLAREA,E,G,PERCENT,96
2009,Italy,ALLAREA,E,G,PERCENT,96
2010,Italy,ALLAREA,E,G,PERCENT,96
2011,Italy,ALLAREA,E,G,PERCENT,96
2012,Italy,ALLAREA,E,G,PERCENT,96
2013,Italy,ALLAREA,E,G,PERCENT,96
2014,Italy,ALLAREA,E,G,PERCENT,96
2009,Romania,RURAL,E,G,PERCENT,67
2010,Romania,URBAN,E,G,PERCENT,95
2010,Romania,RURAL,E,G,PERCENT,67
2010,Romania,ALLAREA,E,G,PERCENT,82
2011,Romania,RURAL,E,G,PERCENT,67
2011,Romania,ALLAREA,E,G,PERCENT,82
2011,Romania,URBAN,E,G,PERCENT,95
2012,Romania,RURAL,E,G,PERCENT,67
2012,Romania,ALLAREA,E,G,PERCENT,82
2012,Romania,URBAN,E,G,PERCENT,95
2006,Croatia,RURAL,E,G,PERCENT,68
2007,Croatia,URBAN,E,G,PERCENT,94
2007,Croatia,ALLAREA,E,G,PERCENT,82
2007,Croatia,RURAL,E,G,PERCENT,68
2008,Croatia,URBAN,E,G,PERCENT,94
2009,Croatia,URBAN,E,G,PERCENT,94
2010,Croatia,URBAN,E,G,PERCENT,94
2011,Croatia,URBAN,E,G,PERCENT,94
2012,Croatia,URBAN,E,G,PERCENT,94
2013,Croatia,URBAN,E,G,PERCENT,94
2014,Croatia,URBAN,E,G,PERCENT,94
2015,Croatia,URBAN,E,G,PERCENT,94
2016,Croatia,URBAN,E,G,PERCENT,94
2017,Croatia,URBAN,E,G,PERCENT,94
2018,Croatia,URBAN,E,G,PERCENT,94
2019,Croatia,URBAN,E,G,PERCENT,94
2020,Croatia,URBAN,E,G,PERCENT,94
2000,Cyprus,ALLAREA,E,G,PERCENT,96
2001,Cyprus,ALLAREA,E,G,PERCENT,96
2002,Cyprus,ALLAREA,E,G,PERCENT,96
2015,Italy,ALLAREA,E,G,PERCENT,96
2016,Italy,ALLAREA,E,G,PERCENT,96
2017,Italy,ALLAREA,E,G,PERCENT,96
2018,Italy,ALLAREA,E,G,PERCENT,96
2019,Italy,ALLAREA,E,G,PERCENT,96
2020,Italy,ALLAREA,E,G,PERCENT,96
2000,Kazakhstan,ALLAREA,E,G,PERCENT,63
2001,Kazakhstan,ALLAREA,E,G,PERCENT,63
2002,Kazakhstan,ALLAREA,E,G,PERCENT,65
2003,Kazakhstan,ALLAREA,E,G,PERCENT,67
2004,Kazakhstan,ALLAREA,E,G,PERCENT,68
2005,Kazakhstan,ALLAREA,E,G,PERCENT,70
2006,Kazakhstan,ALLAREA,E,G,PERCENT,71
2007,Kazakhstan,ALLAREA,E,G,PERCENT,73
2008,Kazakhstan,ALLAREA,E,G,PERCENT,75
2009,Kazakhstan,ALLAREA,E,G,PERCENT,76
2010,Kazakhstan,ALLAREA,E,G,PERCENT,78
2011,Kazakhstan,ALLAREA,E,G,PERCENT,80
2012,Kazakhstan,ALLAREA,E,G,PERCENT,81
2013,Kazakhstan,ALLAREA,E,G,PERCENT,83
2013,Romania,RURAL,E,G,PERCENT,67
2013,Romania,ALLAREA,E,G,PERCENT,82
2013,Romania,URBAN,E,G,PERCENT,95
2014,Romania,ALLAREA,E,G,PERCENT,82
2014,Romania,URBAN,E,G,PERCENT,95
2014,Romania,RURAL,E,G,PERCENT,67
2015,Romania,ALLAREA,E,G,PERCENT,82
2015,Romania,URBAN,E,G,PERCENT,95
2015,Romania,RURAL,E,G,PERCENT,67
2016,Romania,RURAL,E,G,PERCENT,67
2003,Cyprus,ALLAREA,E,G,PERCENT,96
2004,Cyprus,ALLAREA,E,G,PERCENT,96
2005,Cyprus,ALLAREA,E,G,PERCENT,96
2006,Cyprus,ALLAREA,E,G,PERCENT,97
2007,Cyprus,ALLAREA,E,G,PERCENT,97
2008,Cyprus,ALLAREA,E,G,PERCENT,97
2009,Cyprus,ALLAREA,E,G,PERCENT,97
2010,Cyprus,ALLAREA,E,G,PERCENT,98
2011,Cyprus,ALLAREA,E,G,PERCENT,98
2012,Cyprus,ALLAREA,E,G,PERCENT,98
2016,Romania,ALLAREA,E,G,PERCENT,82
2016,Romania,URBAN,E,G,PERCENT,95
2017,Romania,ALLAREA,E,G,PERCENT,82
2017,Romania,RURAL,E,G,PERCENT,67
2017,Romania,URBAN,E,G,PERCENT,95
2018,Romania,URBAN,E,G,PERCENT,95
2018,Romania,RURAL,E,G,PERCENT,67
2018,Romania,ALLAREA,E,G,PERCENT,82
2019,Romania,URBAN,E,G,PERCENT,95
2019,Romania,RURAL,E,G,PERCENT,67
2014,Kazakhstan,ALLAREA,E,G,PERCENT,84
2015,Kazakhstan,ALLAREA,E,G,PERCENT,86
2016,Kazakhstan,ALLAREA,E,G,PERCENT,88
2017,Kazakhstan,ALLAREA,E,G,PERCENT,89
2018,Kazakhstan,ALLAREA,E,G,PERCENT,89
2019,Kazakhstan,ALLAREA,E,G,PERCENT,89
2020,Kazakhstan,ALLAREA,E,G,PERCENT,89
2000,Kyrgyzstan,ALLAREA,E,G,PERCENT,46
2000,Kyrgyzstan,RURAL,E,G,PERCENT,27
2000,Kyrgyzstan,URBAN,E,G,PERCENT,80
2001,Kyrgyzstan,ALLAREA,E,G,PERCENT,46
2001,Kyrgyzstan,URBAN,E,G,PERCENT,80
2001,Kyrgyzstan,RURAL,E,G,PERCENT,27
2002,Kyrgyzstan,ALLAREA,E,G,PERCENT,46
2002,Kyrgyzstan,RURAL,E,G,PERCENT,28
2002,Kyrgyzstan,URBAN,E,G,PERCENT,80
2003,Kyrgyzstan,ALLAREA,E,G,PERCENT,47
2003,Kyrgyzstan,RURAL,E,G,PERCENT,28
2003,Kyrgyzstan,URBAN,E,G,PERCENT,81
2004,Kyrgyzstan,URBAN,E,G,PERCENT,81
2004,Kyrgyzstan,RURAL,E,G,PERCENT,28
2004,Kyrgyzstan,ALLAREA,E,G,PERCENT,47
2005,Kyrgyzstan,ALLAREA,E,G,PERCENT,49
2005,Kyrgyzstan,RURAL,E,G,PERCENT,30
2005,Kyrgyzstan,URBAN,E,G,PERCENT,82
2006,Kyrgyzstan,ALLAREA,E,G,PERCENT,50
2006,Kyrgyzstan,RURAL,E,G,PERCENT,32
2006,Kyrgyzstan,URBAN,E,G,PERCENT,83
2007,Kyrgyzstan,ALLAREA,E,G,PERCENT,52
2007,Kyrgyzstan,RURAL,E,G,PERCENT,35
2007,Kyrgyzstan,URBAN,E,G,PERCENT,84
2008,Kyrgyzstan,ALLAREA,E,G,PERCENT,54
2008,Kyrgyzstan,RURAL,E,G,PERCENT,37
2008,Kyrgyzstan,URBAN,E,G,PERCENT,85
2009,Kyrgyzstan,ALLAREA,E,G,PERCENT,56
2009,Kyrgyzstan,RURAL,E,G,PERCENT,39
2009,Kyrgyzstan,URBAN,E,G,PERCENT,87
2010,Kyrgyzstan,ALLAREA,E,G,PERCENT,58
2010,Kyrgyzstan,RURAL,E,G,PERCENT,41
2010,Kyrgyzstan,URBAN,E,G,PERCENT,88
2011,Kyrgyzstan,ALLAREA,E,G,PERCENT,59
2011,Kyrgyzstan,RURAL,E,G,PERCENT,43
2011,Kyrgyzstan,URBAN,E,G,PERCENT,89
2012,Kyrgyzstan,ALLAREA,E,G,PERCENT,61
2012,Kyrgyzstan,RURAL,E,G,PERCENT,46
2012,Kyrgyzstan,URBAN,E,G,PERCENT,90
2013,Kyrgyzstan,ALLAREA,E,G,PERCENT,63
2013,Kyrgyzstan,RURAL,E,G,PERCENT,48
2013,Kyrgyzstan,URBAN,E,G,PERCENT,90
2014,Kyrgyzstan,RURAL,E,G,PERCENT,50
2019,Romania,ALLAREA,E,G,PERCENT,82
2020,Romania,ALLAREA,E,G,PERCENT,82
2020,Romania,RURAL,E,G,PERCENT,67
2020,Romania,URBAN,E,G,PERCENT,95
2000,Serbia,ALLAREA,E,G,PERCENT,74
2000,Serbia,URBAN,E,G,PERCENT,81
2000,Serbia,RURAL,E,G,PERCENT,66
2001,Serbia,ALLAREA,E,G,PERCENT,74
2001,Serbia,URBAN,E,G,PERCENT,81
2001,Serbia,RURAL,E,G,PERCENT,66
2002,Serbia,URBAN,E,G,PERCENT,81
2002,Serbia,RURAL,E,G,PERCENT,66
2002,Serbia,ALLAREA,E,G,PERCENT,74
2003,Serbia,ALLAREA,E,G,PERCENT,74
2003,Serbia,RURAL,E,G,PERCENT,66
2003,Serbia,URBAN,E,G,PERCENT,81
2004,Serbia,URBAN,E,G,PERCENT,81
2004,Serbia,RURAL,E,G,PERCENT,66
2004,Serbia,ALLAREA,E,G,PERCENT,75
2005,Serbia,RURAL,E,G,PERCENT,67
2014,Kyrgyzstan,ALLAREA,E,G,PERCENT,65
2014,Kyrgyzstan,URBAN,E,G,PERCENT,90
2015,Kyrgyzstan,ALLAREA,E,G,PERCENT,66
2015,Kyrgyzstan,RURAL,E,G,PERCENT,53
2015,Kyrgyzstan,URBAN,E,G,PERCENT,91
2016,Kyrgyzstan,ALLAREA,E,G,PERCENT,68
2016,Kyrgyzstan,RURAL,E,G,PERCENT,55
2016,Kyrgyzstan,URBAN,E,G,PERCENT,91
2017,Kyrgyzstan,URBAN,E,G,PERCENT,91
2017,Kyrgyzstan,ALLAREA,E,G,PERCENT,68
2005,Serbia,ALLAREA,E,G,PERCENT,75
2005,Serbia,URBAN,E,G,PERCENT,81
2006,Serbia,RURAL,E,G,PERCENT,67
2006,Serbia,ALLAREA,E,G,PERCENT,75
2006,Serbia,URBAN,E,G,PERCENT,81
2007,Serbia,RURAL,E,G,PERCENT,67
2007,Serbia,ALLAREA,E,G,PERCENT,75
2007,Serbia,URBAN,E,G,PERCENT,81
2008,Serbia,ALLAREA,E,G,PERCENT,75
2008,Serbia,URBAN,E,G,PERCENT,81
2017,Kyrgyzstan,RURAL,E,G,PERCENT,56
2018,Kyrgyzstan,ALLAREA,E,G,PERCENT,69
2018,Kyrgyzstan,RURAL,E,G,PERCENT,56
2018,Kyrgyzstan,URBAN,E,G,PERCENT,91
2019,Kyrgyzstan,ALLAREA,E,G,PERCENT,69
2019,Kyrgyzstan,RURAL,E,G,PERCENT,57
2019,Kyrgyzstan,URBAN,E,G,PERCENT,91
2020,Kyrgyzstan,ALLAREA,E,G,PERCENT,70
2020,Kyrgyzstan,RURAL,E,G,PERCENT,57
2020,Kyrgyzstan,URBAN,E,G,PERCENT,92
2008,Serbia,RURAL,E,G,PERCENT,67
2009,Serbia,RURAL,E,G,PERCENT,67
2009,Serbia,ALLAREA,E,G,PERCENT,75
2009,Serbia,URBAN,E,G,PERCENT,81
2010,Serbia,RURAL,E,G,PERCENT,67
2010,Serbia,URBAN,E,G,PERCENT,81
2010,Serbia,ALLAREA,E,G,PERCENT,75
2011,Serbia,RURAL,E,G,PERCENT,67
2011,Serbia,ALLAREA,E,G,PERCENT,75
2011,Serbia,URBAN,E,G,PERCENT,81
2000,Latvia,ALLAREA,E,G,PERCENT,93
2001,Latvia,ALLAREA,E,G,PERCENT,93
2002,Latvia,ALLAREA,E,G,PERCENT,93
2003,Latvia,ALLAREA,E,G,PERCENT,93
2004,Latvia,ALLAREA,E,G,PERCENT,93
2005,Latvia,ALLAREA,E,G,PERCENT,93
2006,Latvia,ALLAREA,E,G,PERCENT,93
2007,Latvia,ALLAREA,E,G,PERCENT,93
2008,Latvia,ALLAREA,E,G,PERCENT,93
2009,Latvia,ALLAREA,E,G,PERCENT,93
2012,Serbia,ALLAREA,E,G,PERCENT,75
2012,Serbia,URBAN,E,G,PERCENT,81
2012,Serbia,RURAL,E,G,PERCENT,67
2013,Serbia,ALLAREA,E,G,PERCENT,75
2013,Serbia,RURAL,E,G,PERCENT,67
2013,Serbia,URBAN,E,G,PERCENT,81
2014,Serbia,ALLAREA,E,G,PERCENT,75
2014,Serbia,URBAN,E,G,PERCENT,82
2014,Serbia,RURAL,E,G,PERCENT,67
2015,Serbia,URBAN,E,G,PERCENT,82
2010,Latvia,ALLAREA,E,G,PERCENT,94
2011,Latvia,ALLAREA,E,G,PERCENT,94
2012,Latvia,ALLAREA,E,G,PERCENT,94
2013,Latvia,ALLAREA,E,G,PERCENT,95
2014,Latvia,ALLAREA,E,G,PERCENT,95
2015,Latvia,ALLAREA,E,G,PERCENT,95
2016,Latvia,ALLAREA,E,G,PERCENT,95
2017,Latvia,ALLAREA,E,G,PERCENT,96
2018,Latvia,ALLAREA,E,G,PERCENT,96
2019,Latvia,ALLAREA,E,G,PERCENT,96
2015,Serbia,RURAL,E,G,PERCENT,67
2015,Serbia,ALLAREA,E,G,PERCENT,75
2016,Serbia,URBAN,E,G,PERCENT,82
2016,Serbia,RURAL,E,G,PERCENT,67
2016,Serbia,ALLAREA,E,G,PERCENT,75
2017,Serbia,URBAN,E,G,PERCENT,82
2017,Serbia,RURAL,E,G,PERCENT,67
2017,Serbia,ALLAREA,E,G,PERCENT,75
2018,Serbia,ALLAREA,E,G,PERCENT,75
2018,Serbia,RURAL,E,G,PERCENT,67
2020,Latvia,ALLAREA,E,G,PERCENT,96
2000,Liechtenstein,ALLAREA,E,G,PERCENT,100
2001,Liechtenstein,ALLAREA,E,G,PERCENT,100
2002,Liechtenstein,ALLAREA,E,G,PERCENT,100
2003,Liechtenstein,ALLAREA,E,G,PERCENT,100
2004,Liechtenstein,ALLAREA,E,G,PERCENT,100
2005,Liechtenstein,ALLAREA,E,G,PERCENT,100
2006,Liechtenstein,ALLAREA,E,G,PERCENT,100
2007,Liechtenstein,ALLAREA,E,G,PERCENT,100
2008,Liechtenstein,ALLAREA,E,G,PERCENT,100
2009,Liechtenstein,ALLAREA,E,G,PERCENT,100
2010,Liechtenstein,ALLAREA,E,G,PERCENT,100
2011,Liechtenstein,ALLAREA,E,G,PERCENT,100
2012,Liechtenstein,ALLAREA,E,G,PERCENT,100
2013,Liechtenstein,ALLAREA,E,G,PERCENT,100
2014,Liechtenstein,ALLAREA,E,G,PERCENT,100
2015,Liechtenstein,ALLAREA,E,G,PERCENT,100
2016,Liechtenstein,ALLAREA,E,G,PERCENT,100
2017,Liechtenstein,ALLAREA,E,G,PERCENT,100
2018,Liechtenstein,ALLAREA,E,G,PERCENT,100
2019,Liechtenstein,ALLAREA,E,G,PERCENT,100
2020,Liechtenstein,ALLAREA,E,G,PERCENT,100
2000,Lithuania,URBAN,E,G,PERCENT,92
2000,Lithuania,ALLAREA,E,G,PERCENT,67
2001,Lithuania,ALLAREA,E,G,PERCENT,68
2001,Lithuania,URBAN,E,G,PERCENT,93
2002,Lithuania,ALLAREA,E,G,PERCENT,68
2002,Lithuania,URBAN,E,G,PERCENT,93
2003,Lithuania,ALLAREA,E,G,PERCENT,68
2003,Lithuania,URBAN,E,G,PERCENT,94
2004,Lithuania,ALLAREA,E,G,PERCENT,70
2004,Lithuania,URBAN,E,G,PERCENT,94
2005,Lithuania,URBAN,E,G,PERCENT,95
2005,Lithuania,ALLAREA,E,G,PERCENT,72
2006,Lithuania,ALLAREA,E,G,PERCENT,74
2006,Lithuania,URBAN,E,G,PERCENT,95
2007,Lithuania,ALLAREA,E,G,PERCENT,76
2007,Lithuania,URBAN,E,G,PERCENT,96
2008,Lithuania,ALLAREA,E,G,PERCENT,79
2008,Lithuania,URBAN,E,G,PERCENT,96
2009,Lithuania,ALLAREA,E,G,PERCENT,81
2009,Lithuania,URBAN,E,G,PERCENT,96
2010,Lithuania,URBAN,E,G,PERCENT,97
2010,Lithuania,ALLAREA,E,G,PERCENT,83
2011,Lithuania,ALLAREA,E,G,PERCENT,85
2011,Lithuania,URBAN,E,G,PERCENT,97
2012,Lithuania,ALLAREA,E,G,PERCENT,87
2012,Lithuania,URBAN,E,G,PERCENT,98
2013,Lithuania,ALLAREA,E,G,PERCENT,89
2013,Lithuania,URBAN,E,G,PERCENT,98
2018,Serbia,URBAN,E,G,PERCENT,82
2019,Serbia,ALLAREA,E,G,PERCENT,75
2019,Serbia,RURAL,E,G,PERCENT,67
2019,Serbia,URBAN,E,G,PERCENT,82
2020,Serbia,URBAN,E,G,PERCENT,82
2020,Serbia,RURAL,E,G,PERCENT,67
2020,Serbia,ALLAREA,E,G,PERCENT,75
2000,Slovakia,ALLAREA,E,G,PERCENT,92
2001,Slovakia,ALLAREA,E,G,PERCENT,92
2002,Slovakia,ALLAREA,E,G,PERCENT,93
2014,Lithuania,ALLAREA,E,G,PERCENT,91
2014,Lithuania,URBAN,E,G,PERCENT,99
2015,Lithuania,URBAN,E,G,PERCENT,99
2015,Lithuania,ALLAREA,E,G,PERCENT,94
2016,Lithuania,ALLAREA,E,G,PERCENT,94
2016,Lithuania,URBAN,E,G,PERCENT,99
2017,Lithuania,ALLAREA,E,G,PERCENT,94
2017,Lithuania,URBAN,E,G,PERCENT,99
2018,Lithuania,ALLAREA,E,G,PERCENT,95
2018,Lithuania,URBAN,E,G,PERCENT,99
2019,Lithuania,URBAN,E,G,PERCENT,99
2019,Lithuania,ALLAREA,E,G,PERCENT,95
2020,Lithuania,URBAN,E,G,PERCENT,99
2020,Lithuania,ALLAREA,E,G,PERCENT,95
2000,Luxembourg,ALLAREA,E,G,PERCENT,100
2000,Luxembourg,RURAL,E,G,PERCENT,100
2000,Luxembourg,URBAN,E,G,PERCENT,100
2001,Luxembourg,ALLAREA,E,G,PERCENT,100
2001,Luxembourg,RURAL,E,G,PERCENT,100
2001,Luxembourg,URBAN,E,G,PERCENT,100
2002,Luxembourg,ALLAREA,E,G,PERCENT,100
2002,Luxembourg,RURAL,E,G,PERCENT,100
2002,Luxembourg,URBAN,E,G,PERCENT,100
2003,Luxembourg,ALLAREA,E,G,PERCENT,100
2003,Luxembourg,RURAL,E,G,PERCENT,100
2003,Luxembourg,URBAN,E,G,PERCENT,100
2004,Luxembourg,ALLAREA,E,G,PERCENT,100
2004,Luxembourg,RURAL,E,G,PERCENT,100
2004,Luxembourg,URBAN,E,G,PERCENT,100
2005,Luxembourg,ALLAREA,E,G,PERCENT,100
2003,Slovakia,ALLAREA,E,G,PERCENT,93
2004,Slovakia,ALLAREA,E,G,PERCENT,94
2005,Slovakia,ALLAREA,E,G,PERCENT,95
2006,Slovakia,ALLAREA,E,G,PERCENT,95
2007,Slovakia,ALLAREA,E,G,PERCENT,96
2008,Slovakia,ALLAREA,E,G,PERCENT,97
2009,Slovakia,ALLAREA,E,G,PERCENT,97
2010,Slovakia,ALLAREA,E,G,PERCENT,98
2011,Slovakia,ALLAREA,E,G,PERCENT,99
2012,Slovakia,ALLAREA,E,G,PERCENT,99
2005,Luxembourg,URBAN,E,G,PERCENT,100
2005,Luxembourg,RURAL,E,G,PERCENT,100
2006,Luxembourg,ALLAREA,E,G,PERCENT,100
2006,Luxembourg,URBAN,E,G,PERCENT,100
2006,Luxembourg,RURAL,E,G,PERCENT,100
2007,Luxembourg,ALLAREA,E,G,PERCENT,100
2007,Luxembourg,RURAL,E,G,PERCENT,100
2007,Luxembourg,URBAN,E,G,PERCENT,100
2008,Luxembourg,ALLAREA,E,G,PERCENT,100
2008,Luxembourg,RURAL,E,G,PERCENT,100
2008,Luxembourg,URBAN,E,G,PERCENT,100
2009,Luxembourg,ALLAREA,E,G,PERCENT,100
2009,Luxembourg,URBAN,E,G,PERCENT,100
2009,Luxembourg,RURAL,E,G,PERCENT,100
2010,Luxembourg,ALLAREA,E,G,PERCENT,100
2010,Luxembourg,RURAL,E,G,PERCENT,100
2010,Luxembourg,URBAN,E,G,PERCENT,100
2011,Luxembourg,ALLAREA,E,G,PERCENT,100
2011,Luxembourg,RURAL,E,G,PERCENT,100
2011,Luxembourg,URBAN,E,G,PERCENT,100
2012,Luxembourg,RURAL,E,G,PERCENT,100
2012,Luxembourg,URBAN,E,G,PERCENT,100
2012,Luxembourg,ALLAREA,E,G,PERCENT,100
2013,Luxembourg,RURAL,E,G,PERCENT,99
2013,Luxembourg,URBAN,E,G,PERCENT,100
2013,Luxembourg,ALLAREA,E,G,PERCENT,100
2014,Luxembourg,ALLAREA,E,G,PERCENT,100
2014,Luxembourg,RURAL,E,G,PERCENT,99
2014,Luxembourg,URBAN,E,G,PERCENT,100
2015,Luxembourg,ALLAREA,E,G,PERCENT,100
2015,Luxembourg,RURAL,E,G,PERCENT,98
2015,Luxembourg,URBAN,E,G,PERCENT,100
2016,Luxembourg,RURAL,E,G,PERCENT,98
2016,Luxembourg,URBAN,E,G,PERCENT,100
2016,Luxembourg,ALLAREA,E,G,PERCENT,100
2017,Luxembourg,ALLAREA,E,G,PERCENT,99
2017,Luxembourg,RURAL,E,G,PERCENT,97
2017,Luxembourg,URBAN,E,G,PERCENT,100
2018,Luxembourg,ALLAREA,E,G,PERCENT,99
2018,Luxembourg,RURAL,E,G,PERCENT,97
2013,Slovakia,ALLAREA,E,G,PERCENT,99
2014,Slovakia,ALLAREA,E,G,PERCENT,99
2015,Slovakia,ALLAREA,E,G,PERCENT,99
2016,Slovakia,ALLAREA,E,G,PERCENT,99
2017,Slovakia,ALLAREA,E,G,PERCENT,99
2018,Slovakia,ALLAREA,E,G,PERCENT,99
2019,Slovakia,ALLAREA,E,G,PERCENT,99
2020,Slovakia,ALLAREA,E,G,PERCENT,99
2000,Slovenia,ALLAREA,E,G,PERCENT,80
2001,Slovenia,ALLAREA,E,G,PERCENT,80
2018,Luxembourg,URBAN,E,G,PERCENT,100
2019,Luxembourg,ALLAREA,E,G,PERCENT,99
2019,Luxembourg,URBAN,E,G,PERCENT,100
2019,Luxembourg,RURAL,E,G,PERCENT,97
2020,Luxembourg,ALLAREA,E,G,PERCENT,99
2020,Luxembourg,RURAL,E,G,PERCENT,97
2020,Luxembourg,URBAN,E,G,PERCENT,100
2000,Malta,ALLAREA,E,G,PERCENT,100
2001,Malta,ALLAREA,E,G,PERCENT,100
2002,Malta,ALLAREA,E,G,PERCENT,100
2003,Malta,ALLAREA,E,G,PERCENT,100
2004,Malta,ALLAREA,E,G,PERCENT,100
2005,Malta,ALLAREA,E,G,PERCENT,100
2006,Malta,ALLAREA,E,G,PERCENT,100
2007,Malta,ALLAREA,E,G,PERCENT,100
2008,Malta,ALLAREA,E,G,PERCENT,100
2009,Malta,ALLAREA,E,G,PERCENT,100
2010,Malta,ALLAREA,E,G,PERCENT,100
2011,Malta,ALLAREA,E,G,PERCENT,100
2012,Malta,ALLAREA,E,G,PERCENT,100
2002,Slovenia,ALLAREA,E,G,PERCENT,80
2003,Slovenia,ALLAREA,E,G,PERCENT,81
2004,Slovenia,ALLAREA,E,G,PERCENT,83
2005,Slovenia,ALLAREA,E,G,PERCENT,84
2006,Slovenia,ALLAREA,E,G,PERCENT,85
2007,Slovenia,ALLAREA,E,G,PERCENT,86
2008,Slovenia,ALLAREA,E,G,PERCENT,87
2009,Slovenia,ALLAREA,E,G,PERCENT,89
2010,Slovenia,ALLAREA,E,G,PERCENT,90
2011,Slovenia,ALLAREA,E,G,PERCENT,91
2012,Slovenia,ALLAREA,E,G,PERCENT,92
2013,Slovenia,ALLAREA,E,G,PERCENT,94
2014,Slovenia,ALLAREA,E,G,PERCENT,95
2015,Slovenia,ALLAREA,E,G,PERCENT,96
2016,Slovenia,ALLAREA,E,G,PERCENT,97
2017,Slovenia,ALLAREA,E,G,PERCENT,98
2018,Slovenia,ALLAREA,E,G,PERCENT,98
2019,Slovenia,ALLAREA,E,G,PERCENT,98
2020,Slovenia,ALLAREA,E,G,PERCENT,98
2000,Spain,ALLAREA,E,G,PERCENT,99
2000,Spain,RURAL,E,G,PERCENT,99
2000,Spain,URBAN,E,G,PERCENT,100
2001,Spain,RURAL,E,G,PERCENT,99
2001,Spain,ALLAREA,E,G,PERCENT,99
2001,Spain,URBAN,E,G,PERCENT,100
2002,Spain,ALLAREA,E,G,PERCENT,99
2002,Spain,RURAL,E,G,PERCENT,99
2002,Spain,URBAN,E,G,PERCENT,100
2003,Spain,ALLAREA,E,G,PERCENT,99
2003,Spain,RURAL,E,G,PERCENT,99
2013,Malta,ALLAREA,E,G,PERCENT,100
2014,Malta,ALLAREA,E,G,PERCENT,100
2015,Malta,ALLAREA,E,G,PERCENT,100
2016,Malta,ALLAREA,E,G,PERCENT,100
2017,Malta,ALLAREA,E,G,PERCENT,100
2018,Malta,ALLAREA,E,G,PERCENT,100
2019,Malta,ALLAREA,E,G,PERCENT,100
2020,Malta,ALLAREA,E,G,PERCENT,100
2000,Republic of Moldova,ALLAREA,E,G,PERCENT,40
2001,Republic of Moldova,ALLAREA,E,G,PERCENT,42
2002,Republic of Moldova,ALLAREA,E,G,PERCENT,44
2003,Republic of Moldova,ALLAREA,E,G,PERCENT,46
2004,Republic of Moldova,ALLAREA,E,G,PERCENT,48
2005,Republic of Moldova,ALLAREA,E,G,PERCENT,50
2006,Republic of Moldova,ALLAREA,E,G,PERCENT,53
2007,Republic of Moldova,ALLAREA,E,G,PERCENT,55
2008,Republic of Moldova,ALLAREA,E,G,PERCENT,57
2009,Republic of Moldova,ALLAREA,E,G,PERCENT,60
2010,Republic of Moldova,ALLAREA,E,G,PERCENT,62
2011,Republic of Moldova,ALLAREA,E,G,PERCENT,65
2003,Spain,URBAN,E,G,PERCENT,100
2004,Spain,ALLAREA,E,G,PERCENT,99
2004,Spain,URBAN,E,G,PERCENT,100
2004,Spain,RURAL,E,G,PERCENT,99
2005,Spain,URBAN,E,G,PERCENT,100
2005,Spain,ALLAREA,E,G,PERCENT,100
2005,Spain,RURAL,E,G,PERCENT,99
2006,Spain,URBAN,E,G,PERCENT,100
2006,Spain,RURAL,E,G,PERCENT,99
2006,Spain,ALLAREA,E,G,PERCENT,100
2012,Republic of Moldova,ALLAREA,E,G,PERCENT,67
2013,Republic of Moldova,ALLAREA,E,G,PERCENT,70
2014,Republic of Moldova,ALLAREA,E,G,PERCENT,72
2015,Republic of Moldova,ALLAREA,E,G,PERCENT,72
2016,Republic of Moldova,ALLAREA,E,G,PERCENT,73
2017,Republic of Moldova,ALLAREA,E,G,PERCENT,73
2018,Republic of Moldova,ALLAREA,E,G,PERCENT,73
2019,Republic of Moldova,ALLAREA,E,G,PERCENT,74
2020,Republic of Moldova,ALLAREA,E,G,PERCENT,74
2006,Montenegro,ALLAREA,E,G,PERCENT,84
2006,Montenegro,URBAN,E,G,PERCENT,87
2007,Montenegro,ALLAREA,E,G,PERCENT,84
2007,Montenegro,URBAN,E,G,PERCENT,87
2008,Montenegro,ALLAREA,E,G,PERCENT,84
2008,Montenegro,URBAN,E,G,PERCENT,87
2009,Montenegro,URBAN,E,G,PERCENT,87
2009,Montenegro,ALLAREA,E,G,PERCENT,84
2010,Montenegro,URBAN,E,G,PERCENT,87
2010,Montenegro,ALLAREA,E,G,PERCENT,84
2011,Montenegro,ALLAREA,E,G,PERCENT,84
2007,Spain,RURAL,E,G,PERCENT,99
2007,Spain,ALLAREA,E,G,PERCENT,100
2007,Spain,URBAN,E,G,PERCENT,100
2008,Spain,ALLAREA,E,G,PERCENT,100
2008,Spain,RURAL,E,G,PERCENT,99
2008,Spain,URBAN,E,G,PERCENT,100
2009,Spain,ALLAREA,E,G,PERCENT,100
2009,Spain,RURAL,E,G,PERCENT,99
2009,Spain,URBAN,E,G,PERCENT,100
2010,Spain,RURAL,E,G,PERCENT,99
2011,Montenegro,URBAN,E,G,PERCENT,87
2012,Montenegro,ALLAREA,E,G,PERCENT,84
2012,Montenegro,URBAN,E,G,PERCENT,87
2013,Montenegro,ALLAREA,E,G,PERCENT,85
2013,Montenegro,URBAN,E,G,PERCENT,87
2014,Montenegro,ALLAREA,E,G,PERCENT,85
2014,Montenegro,URBAN,E,G,PERCENT,87
2015,Montenegro,ALLAREA,E,G,PERCENT,85
2015,Montenegro,URBAN,E,G,PERCENT,87
2016,Montenegro,ALLAREA,E,G,PERCENT,85
2010,Spain,ALLAREA,E,G,PERCENT,100
2010,Spain,URBAN,E,G,PERCENT,100
2011,Spain,ALLAREA,E,G,PERCENT,100
2011,Spain,RURAL,E,G,PERCENT,99
2011,Spain,URBAN,E,G,PERCENT,100
2012,Spain,ALLAREA,E,G,PERCENT,100
2012,Spain,URBAN,E,G,PERCENT,100
2012,Spain,RURAL,E,G,PERCENT,99
2013,Spain,URBAN,E,G,PERCENT,100
2013,Spain,ALLAREA,E,G,PERCENT,100
2013,Spain,RURAL,E,G,PERCENT,99
2014,Spain,ALLAREA,E,G,PERCENT,100
2014,Spain,RURAL,E,G,PERCENT,99
2014,Spain,URBAN,E,G,PERCENT,100
2015,Spain,ALLAREA,E,G,PERCENT,100
2015,Spain,RURAL,E,G,PERCENT,99
2015,Spain,URBAN,E,G,PERCENT,100
2016,Spain,ALLAREA,E,G,PERCENT,100
2016,Spain,RURAL,E,G,PERCENT,99
2016,Spain,URBAN,E,G,PERCENT,100
2017,Spain,ALLAREA,E,G,PERCENT,100
2017,Spain,RURAL,E,G,PERCENT,99
2017,Spain,URBAN,E,G,PERCENT,100
2018,Spain,ALLAREA,E,G,PERCENT,100
2018,Spain,RURAL,E,G,PERCENT,99
2018,Spain,URBAN,E,G,PERCENT,100
2019,Spain,ALLAREA,E,G,PERCENT,100
2019,Spain,RURAL,E,G,PERCENT,99
2019,Spain,URBAN,E,G,PERCENT,100
2020,Spain,URBAN,E,G,PERCENT,100
2020,Spain,ALLAREA,E,G,PERCENT,100
2020,Spain,RURAL,E,G,PERCENT,99
2000,Sweden,ALLAREA,E,G,PERCENT,99
2001,Sweden,ALLAREA,E,G,PERCENT,99
2002,Sweden,ALLAREA,E,G,PERCENT,99
2003,Sweden,ALLAREA,E,G,PERCENT,99
2004,Sweden,ALLAREA,E,G,PERCENT,99
2005,Sweden,ALLAREA,E,G,PERCENT,99
2006,Sweden,ALLAREA,E,G,PERCENT,100
2007,Sweden,ALLAREA,E,G,PERCENT,100
2008,Sweden,ALLAREA,E,G,PERCENT,100
2009,Sweden,ALLAREA,E,G,PERCENT,100
2010,Sweden,ALLAREA,E,G,PERCENT,100
2011,Sweden,ALLAREA,E,G,PERCENT,100
2012,Sweden,ALLAREA,E,G,PERCENT,100
2013,Sweden,ALLAREA,E,G,PERCENT,100
2014,Sweden,ALLAREA,E,G,PERCENT,100
2015,Sweden,ALLAREA,E,G,PERCENT,100
2016,Sweden,ALLAREA,E,G,PERCENT,100
2017,Sweden,ALLAREA,E,G,PERCENT,100
2018,Sweden,ALLAREA,E,G,PERCENT,100
2019,Sweden,ALLAREA,E,G,PERCENT,100
2020,Sweden,ALLAREA,E,G,PERCENT,100
2000,Switzerland,ALLAREA,E,G,PERCENT,94
2001,Switzerland,ALLAREA,E,G,PERCENT,94
2002,Switzerland,ALLAREA,E,G,PERCENT,94
2003,Switzerland,ALLAREA,E,G,PERCENT,94
2004,Switzerland,ALLAREA,E,G,PERCENT,94
2005,Switzerland,ALLAREA,E,G,PERCENT,94
2006,Switzerland,ALLAREA,E,G,PERCENT,94
2007,Switzerland,ALLAREA,E,G,PERCENT,94
2008,Switzerland,ALLAREA,E,G,PERCENT,94
2009,Switzerland,ALLAREA,E,G,PERCENT,94
2010,Switzerland,ALLAREA,E,G,PERCENT,94
2011,Switzerland,ALLAREA,E,G,PERCENT,94
2012,Switzerland,ALLAREA,E,G,PERCENT,94
2013,Switzerland,ALLAREA,E,G,PERCENT,94
2014,Switzerland,ALLAREA,E,G,PERCENT,94
2015,Switzerland,ALLAREA,E,G,PERCENT,94
2016,Switzerland,ALLAREA,E,G,PERCENT,94
2017,Switzerland,ALLAREA,E,G,PERCENT,94
2018,Switzerland,ALLAREA,E,G,PERCENT,94
2019,Switzerland,ALLAREA,E,G,PERCENT,94
2020,Switzerland,ALLAREA,E,G,PERCENT,94
2000,Tajikistan,ALLAREA,E,G,PERCENT,36
2001,Tajikistan,ALLAREA,E,G,PERCENT,37
2002,Tajikistan,ALLAREA,E,G,PERCENT,38
2003,Tajikistan,ALLAREA,E,G,PERCENT,39
2004,Tajikistan,ALLAREA,E,G,PERCENT,40
2005,Tajikistan,ALLAREA,E,G,PERCENT,41
2006,Tajikistan,ALLAREA,E,G,PERCENT,43
2007,Tajikistan,ALLAREA,E,G,PERCENT,44
2008,Tajikistan,ALLAREA,E,G,PERCENT,45
2009,Tajikistan,ALLAREA,E,G,PERCENT,46
2010,Tajikistan,ALLAREA,E,G,PERCENT,47
2011,Tajikistan,ALLAREA,E,G,PERCENT,49
2012,Tajikistan,ALLAREA,E,G,PERCENT,49
2013,Tajikistan,ALLAREA,E,G,PERCENT,50
2014,Tajikistan,ALLAREA,E,G,PERCENT,51
2015,Tajikistan,ALLAREA,E,G,PERCENT,52
2016,Tajikistan,ALLAREA,E,G,PERCENT,53
2017,Tajikistan,ALLAREA,E,G,PERCENT,54
2018,Tajikistan,ALLAREA,E,G,PERCENT,54
2019,Tajikistan,ALLAREA,E,G,PERCENT,55
2020,Tajikistan,ALLAREA,E,G,PERCENT,55
2000,Turkmenistan,ALLAREA,E,G,PERCENT,67
2000,Turkmenistan,RURAL,E,G,PERCENT,51
2000,Turkmenistan,URBAN,E,G,PERCENT,86
2001,Turkmenistan,ALLAREA,E,G,PERCENT,68
2001,Turkmenistan,RURAL,E,G,PERCENT,53
2001,Turkmenistan,URBAN,E,G,PERCENT,86
2002,Turkmenistan,ALLAREA,E,G,PERCENT,69
2002,Turkmenistan,RURAL,E,G,PERCENT,55
2002,Turkmenistan,URBAN,E,G,PERCENT,86
2003,Turkmenistan,ALLAREA,E,G,PERCENT,70
2003,Turkmenistan,RURAL,E,G,PERCENT,57
2003,Turkmenistan,URBAN,E,G,PERCENT,86
2004,Turkmenistan,RURAL,E,G,PERCENT,59
2004,Turkmenistan,URBAN,E,G,PERCENT,86
2004,Turkmenistan,ALLAREA,E,G,PERCENT,71
2005,Turkmenistan,RURAL,E,G,PERCENT,61
2005,Turkmenistan,ALLAREA,E,G,PERCENT,73
2005,Turkmenistan,URBAN,E,G,PERCENT,87
2006,Turkmenistan,ALLAREA,E,G,PERCENT,75
2006,Turkmenistan,URBAN,E,G,PERCENT,88
2006,Turkmenistan,RURAL,E,G,PERCENT,63
2007,Turkmenistan,RURAL,E,G,PERCENT,66
2007,Turkmenistan,ALLAREA,E,G,PERCENT,77
2007,Turkmenistan,URBAN,E,G,PERCENT,89
2008,Turkmenistan,ALLAREA,E,G,PERCENT,78
2008,Turkmenistan,RURAL,E,G,PERCENT,68
2008,Turkmenistan,URBAN,E,G,PERCENT,90
2009,Turkmenistan,ALLAREA,E,G,PERCENT,80
2009,Turkmenistan,RURAL,E,G,PERCENT,70
2009,Turkmenistan,URBAN,E,G,PERCENT,91
2010,Turkmenistan,ALLAREA,E,G,PERCENT,82
2010,Turkmenistan,RURAL,E,G,PERCENT,73
2010,Turkmenistan,URBAN,E,G,PERCENT,92
2011,Turkmenistan,RURAL,E,G,PERCENT,75
2011,Turkmenistan,ALLAREA,E,G,PERCENT,84
2011,Turkmenistan,URBAN,E,G,PERCENT,92
2012,Turkmenistan,ALLAREA,E,G,PERCENT,85
2012,Turkmenistan,RURAL,E,G,PERCENT,78
2012,Turkmenistan,URBAN,E,G,PERCENT,93
2013,Turkmenistan,ALLAREA,E,G,PERCENT,87
2013,Turkmenistan,RURAL,E,G,PERCENT,80
2013,Turkmenistan,URBAN,E,G,PERCENT,94
2014,Turkmenistan,ALLAREA,E,G,PERCENT,89
2014,Turkmenistan,RURAL,E,G,PERCENT,82
2014,Turkmenistan,URBAN,E,G,PERCENT,95
2015,Turkmenistan,ALLAREA,E,G,PERCENT,91
2015,Turkmenistan,URBAN,E,G,PERCENT,96
2015,Turkmenistan,RURAL,E,G,PERCENT,85
2016,Turkmenistan,RURAL,E,G,PERCENT,88
2016,Turkmenistan,URBAN,E,G,PERCENT,97
2016,Turkmenistan,ALLAREA,E,G,PERCENT,92
2017,Turkmenistan,URBAN,E,G,PERCENT,97
2017,Turkmenistan,ALLAREA,E,G,PERCENT,94
2017,Turkmenistan,RURAL,E,G,PERCENT,90
2018,Turkmenistan,RURAL,E,G,PERCENT,92
2018,Turkmenistan,URBAN,E,G,PERCENT,97
2018,Turkmenistan,ALLAREA,E,G,PERCENT,95
2019,Turkmenistan,ALLAREA,E,G,PERCENT,95
2019,Turkmenistan,RURAL,E,G,PERCENT,92
2019,Turkmenistan,URBAN,E,G,PERCENT,97
2020,Turkmenistan,ALLAREA,E,G,PERCENT,95
2020,Turkmenistan,RURAL,E,G,PERCENT,92
2020,Turkmenistan,URBAN,E,G,PERCENT,97
2000,Ukraine,ALLAREA,E,G,PERCENT,67
2000,Ukraine,RURAL,E,G,PERCENT,9
2000,Ukraine,URBAN,E,G,PERCENT,95
2001,Ukraine,RURAL,E,G,PERCENT,9
2001,Ukraine,ALLAREA,E,G,PERCENT,67
2001,Ukraine,URBAN,E,G,PERCENT,95
2002,Ukraine,ALLAREA,E,G,PERCENT,67
2002,Ukraine,RURAL,E,G,PERCENT,9
2002,Ukraine,URBAN,E,G,PERCENT,95
2003,Ukraine,URBAN,E,G,PERCENT,95
2003,Ukraine,RURAL,E,G,PERCENT,9
2003,Ukraine,ALLAREA,E,G,PERCENT,67
2004,Ukraine,ALLAREA,E,G,PERCENT,69
2004,Ukraine,RURAL,E,G,PERCENT,17
2004,Ukraine,URBAN,E,G,PERCENT,94
2005,Ukraine,URBAN,E,G,PERCENT,94
2005,Ukraine,RURAL,E,G,PERCENT,26
2005,Ukraine,ALLAREA,E,G,PERCENT,72
2006,Ukraine,URBAN,E,G,PERCENT,93
2006,Ukraine,ALLAREA,E,G,PERCENT,75
2006,Ukraine,RURAL,E,G,PERCENT,35
2007,Ukraine,ALLAREA,E,G,PERCENT,77
2007,Ukraine,URBAN,E,G,PERCENT,93
2007,Ukraine,RURAL,E,G,PERCENT,44
2008,Ukraine,RURAL,E,G,PERCENT,53
2008,Ukraine,ALLAREA,E,G,PERCENT,80
2008,Ukraine,URBAN,E,G,PERCENT,92
2009,Ukraine,ALLAREA,E,G,PERCENT,82
2009,Ukraine,URBAN,E,G,PERCENT,92
2009,Ukraine,RURAL,E,G,PERCENT,62
2010,Ukraine,ALLAREA,E,G,PERCENT,85
2010,Ukraine,RURAL,E,G,PERCENT,71
2010,Ukraine,URBAN,E,G,PERCENT,91
2011,Ukraine,RURAL,E,G,PERCENT,80
2011,Ukraine,ALLAREA,E,G,PERCENT,87
2011,Ukraine,URBAN,E,G,PERCENT,90
2012,Ukraine,ALLAREA,E,G,PERCENT,89
2012,Ukraine,RURAL,E,G,PERCENT,88
2012,Ukraine,URBAN,E,G,PERCENT,90
2013,Ukraine,RURAL,E,G,PERCENT,88
2013,Ukraine,ALLAREA,E,G,PERCENT,89
2013,Ukraine,URBAN,E,G,PERCENT,89
2014,Ukraine,ALLAREA,E,G,PERCENT,89
2014,Ukraine,URBAN,E,G,PERCENT,89
2014,Ukraine,RURAL,E,G,PERCENT,88
2015,Ukraine,ALLAREA,E,G,PERCENT,89
2015,Ukraine,URBAN,E,G,PERCENT,89
2015,Ukraine,RURAL,E,G,PERCENT,89
2016,Ukraine,ALLAREA,E,G,PERCENT,89
2016,Ukraine,RURAL,E,G,PERCENT,89
2016,Ukraine,URBAN,E,G,PERCENT,89
2017,Ukraine,RURAL,E,G,PERCENT,89
2017,Ukraine,ALLAREA,E,G,PERCENT,89
2017,Ukraine,URBAN,E,G,PERCENT,89
2018,Ukraine,ALLAREA,E,G,PERCENT,89
2018,Ukraine,URBAN,E,G,PERCENT,89
2018,Ukraine,RURAL,E,G,PERCENT,89
2019,Ukraine,RURAL,E,G,PERCENT,90
2019,Ukraine,ALLAREA,E,G,PERCENT,89
2019,Ukraine,URBAN,E,G,PERCENT,89
2020,Ukraine,ALLAREA,E,G,PERCENT,89
2020,Ukraine,RURAL,E,G,PERCENT,90
2020,Ukraine,URBAN,E,G,PERCENT,89
2000,North Macedonia,RURAL,E,G,PERCENT,74
2000,North Macedonia,ALLAREA,E,G,PERCENT,80
2000,North Macedonia,URBAN,E,G,PERCENT,85
2001,North Macedonia,ALLAREA,E,G,PERCENT,80
2001,North Macedonia,URBAN,E,G,PERCENT,85
2001,North Macedonia,RURAL,E,G,PERCENT,74
2002,North Macedonia,ALLAREA,E,G,PERCENT,80
2002,North Macedonia,RURAL,E,G,PERCENT,74
2002,North Macedonia,URBAN,E,G,PERCENT,85
2003,North Macedonia,ALLAREA,E,G,PERCENT,80
2003,North Macedonia,RURAL,E,G,PERCENT,74
2003,North Macedonia,URBAN,E,G,PERCENT,85
2004,North Macedonia,ALLAREA,E,G,PERCENT,80
2004,North Macedonia,RURAL,E,G,PERCENT,74
2004,North Macedonia,URBAN,E,G,PERCENT,85
2005,North Macedonia,URBAN,E,G,PERCENT,85
2005,North Macedonia,ALLAREA,E,G,PERCENT,80
2005,North Macedonia,RURAL,E,G,PERCENT,74
2006,North Macedonia,ALLAREA,E,G,PERCENT,80
2006,North Macedonia,RURAL,E,G,PERCENT,74
2006,North Macedonia,URBAN,E,G,PERCENT,85
2007,North Macedonia,URBAN,E,G,PERCENT,85
2007,North Macedonia,ALLAREA,E,G,PERCENT,80
2007,North Macedonia,RURAL,E,G,PERCENT,74
2008,North Macedonia,ALLAREA,E,G,PERCENT,80
2008,North Macedonia,URBAN,E,G,PERCENT,85
2008,North Macedonia,RURAL,E,G,PERCENT,74
2009,North Macedonia,RURAL,E,G,PERCENT,74
2009,North Macedonia,URBAN,E,G,PERCENT,85
2009,North Macedonia,ALLAREA,E,G,PERCENT,80
2010,North Macedonia,ALLAREA,E,G,PERCENT,80
2010,North Macedonia,RURAL,E,G,PERCENT,75
2010,North Macedonia,URBAN,E,G,PERCENT,85
2011,North Macedonia,ALLAREA,E,G,PERCENT,80
2011,North Macedonia,RURAL,E,G,PERCENT,75
2011,North Macedonia,URBAN,E,G,PERCENT,85
2012,North Macedonia,RURAL,E,G,PERCENT,75
2012,North Macedonia,ALLAREA,E,G,PERCENT,80
2012,North Macedonia,URBAN,E,G,PERCENT,85
2013,North Macedonia,ALLAREA,E,G,PERCENT,80
2013,North Macedonia,RURAL,E,G,PERCENT,75
2013,North Macedonia,URBAN,E,G,PERCENT,85
2014,North Macedonia,RURAL,E,G,PERCENT,75
2014,North Macedonia,ALLAREA,E,G,PERCENT,80
2014,North Macedonia,URBAN,E,G,PERCENT,85
2015,North Macedonia,ALLAREA,E,G,PERCENT,80
2015,North Macedonia,URBAN,E,G,PERCENT,85
2015,North Macedonia,RURAL,E,G,PERCENT,75
2016,North Macedonia,RURAL,E,G,PERCENT,72
2016,North Macedonia,URBAN,E,G,PERCENT,85
2016,North Macedonia,ALLAREA,E,G,PERCENT,79
2017,North Macedonia,ALLAREA,E,G,PERCENT,78
2017,North Macedonia,URBAN,E,G,PERCENT,85
2017,North Macedonia,RURAL,E,G,PERCENT,69
2018,North Macedonia,RURAL,E,G,PERCENT,66
2018,North Macedonia,ALLAREA,E,G,PERCENT,77
2018,North Macedonia,URBAN,E,G,PERCENT,85
2019,North Macedonia,RURAL,E,G,PERCENT,66
2019,North Macedonia,ALLAREA,E,G,PERCENT,77
2019,North Macedonia,URBAN,E,G,PERCENT,85
2020,North Macedonia,URBAN,E,G,PERCENT,85
2020,North Macedonia,ALLAREA,E,G,PERCENT,77
2020,North Macedonia,RURAL,E,G,PERCENT,66
2000,Uzbekistan,RURAL,E,G,PERCENT,32
2000,Uzbekistan,URBAN,E,G,PERCENT,84
2000,Uzbekistan,ALLAREA,E,G,PERCENT,56
2001,Uzbekistan,ALLAREA,E,G,PERCENT,56
2001,Uzbekistan,URBAN,E,G,PERCENT,84
2001,Uzbekistan,RURAL,E,G,PERCENT,32
2002,Uzbekistan,RURAL,E,G,PERCENT,32
2002,Uzbekistan,ALLAREA,E,G,PERCENT,57
2002,Uzbekistan,URBAN,E,G,PERCENT,84
2003,Uzbekistan,ALLAREA,E,G,PERCENT,57
2003,Uzbekistan,RURAL,E,G,PERCENT,32
2003,Uzbekistan,URBAN,E,G,PERCENT,85
2004,Uzbekistan,ALLAREA,E,G,PERCENT,57
2004,Uzbekistan,URBAN,E,G,PERCENT,85
2004,Uzbekistan,RURAL,E,G,PERCENT,31
2005,Uzbekistan,ALLAREA,E,G,PERCENT,57
2005,Uzbekistan,RURAL,E,G,PERCENT,31
2005,Uzbekistan,URBAN,E,G,PERCENT,85
2006,Uzbekistan,ALLAREA,E,G,PERCENT,57
2006,Uzbekistan,RURAL,E,G,PERCENT,31
2006,Uzbekistan,URBAN,E,G,PERCENT,85
2007,Uzbekistan,RURAL,E,G,PERCENT,30
2007,Uzbekistan,ALLAREA,E,G,PERCENT,57
2007,Uzbekistan,URBAN,E,G,PERCENT,85
2008,Uzbekistan,RURAL,E,G,PERCENT,30
2008,Uzbekistan,ALLAREA,E,G,PERCENT,58
2008,Uzbekistan,URBAN,E,G,PERCENT,85
2009,Uzbekistan,URBAN,E,G,PERCENT,85
2009,Uzbekistan,RURAL,E,G,PERCENT,30
2009,Uzbekistan,ALLAREA,E,G,PERCENT,58
2010,Uzbekistan,RURAL,E,G,PERCENT,30
2010,Uzbekistan,URBAN,E,G,PERCENT,85
2010,Uzbekistan,ALLAREA,E,G,PERCENT,58
2011,Uzbekistan,ALLAREA,E,G,PERCENT,59
2011,Uzbekistan,RURAL,E,G,PERCENT,30
2011,Uzbekistan,URBAN,E,G,PERCENT,86
2012,Uzbekistan,ALLAREA,E,G,PERCENT,59
2012,Uzbekistan,URBAN,E,G,PERCENT,86
2012,Uzbekistan,RURAL,E,G,PERCENT,31
2013,Uzbekistan,URBAN,E,G,PERCENT,86
2013,Uzbekistan,RURAL,E,G,PERCENT,31
2013,Uzbekistan,ALLAREA,E,G,PERCENT,59
2014,Uzbekistan,ALLAREA,E,G,PERCENT,59
2014,Uzbekistan,RURAL,E,G,PERCENT,31
2014,Uzbekistan,URBAN,E,G,PERCENT,86
2015,Uzbekistan,ALLAREA,E,G,PERCENT,59
2015,Uzbekistan,RURAL,E,G,PERCENT,31
2015,Uzbekistan,URBAN,E,G,PERCENT,86
2016,Uzbekistan,ALLAREA,E,G,PERCENT,59
2016,Uzbekistan,RURAL,E,G,PERCENT,31
2016,Uzbekistan,URBAN,E,G,PERCENT,86
2017,Uzbekistan,RURAL,E,G,PERCENT,31
2017,Uzbekistan,URBAN,E,G,PERCENT,86
2017,Uzbekistan,ALLAREA,E,G,PERCENT,59
2018,Uzbekistan,ALLAREA,E,G,PERCENT,59
2018,Uzbekistan,RURAL,E,G,PERCENT,31
2013,Cyprus,ALLAREA,E,G,PERCENT,99
2014,Cyprus,ALLAREA,E,G,PERCENT,99
2015,Cyprus,ALLAREA,E,G,PERCENT,99
2016,Cyprus,ALLAREA,E,G,PERCENT,99
2017,Cyprus,ALLAREA,E,G,PERCENT,100
2018,Cyprus,ALLAREA,E,G,PERCENT,100
2019,Cyprus,ALLAREA,E,G,PERCENT,100
2020,Cyprus,ALLAREA,E,G,PERCENT,100
2018,Uzbekistan,URBAN,E,G,PERCENT,86
2019,Uzbekistan,ALLAREA,E,G,PERCENT,59
2019,Uzbekistan,RURAL,E,G,PERCENT,31
2019,Uzbekistan,URBAN,E,G,PERCENT,86
2020,Uzbekistan,RURAL,E,G,PERCENT,31
2020,Uzbekistan,URBAN,E,G,PERCENT,86
2020,Uzbekistan,ALLAREA,E,G,PERCENT,59
2016,Montenegro,URBAN,E,G,PERCENT,87
2017,Montenegro,ALLAREA,E,G,PERCENT,85
2017,Montenegro,URBAN,E,G,PERCENT,87
2018,Montenegro,ALLAREA,E,G,PERCENT,85
2018,Montenegro,URBAN,E,G,PERCENT,87
2019,Montenegro,URBAN,E,G,PERCENT,87
2019,Montenegro,ALLAREA,E,G,PERCENT,85
2020,Montenegro,ALLAREA,E,G,PERCENT,85
2020,Montenegro,URBAN,E,G,PERCENT,87
2020,Montenegro,URBAN,E,G,PERCENT,87
